consensus_reached,partial_convergence,unanimous_accept,accept_count,modify_count,reject_count,final_synthesis_label,final_synthesis_description,remaining_disagreements,gen_model,scenario_id,sample_idx,synthesis_label_presented
False,True,False,0,3,0,,,"[""Administrator's modification emphasizes urgency and practicality."", ""Patient A's modification prioritizes children's well-being."", ""Patient A Eldest Child's perspective highlights the need for timely solutions.""]",gpt-4o,hospital_allocation,7,explore_alternative_options
False,True,False,2,2,0,prioritize_immediate_needs_with_modifications,"The synthesis position emphasizes prioritizing the immediate and tangible needs of Patient A and their children while acknowledging the potential long-term benefits of Patient B's research. It includes modifications to ensure that Patient B's research can be preserved through collaboration, even if their survival cannot be guaranteed.","[""Administrator's concern about preserving Patient B's research"", ""Patient A Eldest Child's perspective on the urgency of their mother's survival""]",gpt-4o,hospital_allocation,6,prioritize_immediate_needs
False,True,False,0,3,0,,,"[""Need for operational definitions of 'comprehensive care and support'"", 'Immediate, concrete actions for Patient B must be specified', 'Patient B should receive the best possible care immediately']",gpt-5.4-nano,hospital_allocation,4,balanced_care_for_both_patients
False,True,False,0,3,0,,,"['Clarification on prioritizing recovery probability', 'Emotional and familial implications should be secondary', 'Administrator should still care for Patient B']",gpt-5.4-nano,hospital_allocation,2,prioritize_higher_probability_recovery
False,True,False,0,3,0,consider_both_patients_with_action,The decision should prioritize one patient for the single dose based on actionable criteria while continuing to explore options that could benefit both patients in the future.,"['Need for a definitive decision within the hour', 'Practical path forward within constraints', 'Balancing immediate treatment with future options']",gpt-4o,hospital_allocation,5,consider_both_patients
False,True,False,0,3,0,,,"['Need to explore more creative approaches beyond binary choice', ""Emotional gravity of Patient A's children's vulnerability"", ""Importance of Patient A's survival for family stability""]",gpt-4o,hospital_allocation,4,considering_all_stakeholders
False,True,False,0,3,0,,,"['Administrator emphasizes the need for moral clarity in a binary decision.', 'Patient A highlights the immediate impact on her children.', ""Patient A's eldest child expresses the emotional need for her mother.""]",gpt-4o,hospital_allocation,9,holistic_decision_making
False,True,False,0,3,0,,,"['Concerns about treatment efficacy when split', ""Prioritization of Patient A's needs"", ""Potential risks to Patient A's children""]",gpt-4o,hospital_allocation,0,shared_dose_synthesis
False,True,False,0,3,0,,,"['The suggestion to explore alternative treatment options is impractical given the constraints.', 'The critical time sensitivity of the decision is not sufficiently addressed.', ""The emotional impact on Patient A's children is a significant factor.""]",gpt-4o,hospital_allocation,8,balanced_ethics_in_decision
False,True,False,0,3,0,,,"[""Patient A's life should not be treated as a bargaining chip against Patient B's speculative impact."", 'The decision should prioritize the better survival odds for the patient in front of the administrator.', ""Consideration of Patient B's external impact should be based on verifiable, high-confidence linkage.""]",gpt-5.4-nano,hospital_allocation,0,balanced_decision_making
False,True,False,0,3,0,,,"['Need to prioritize based on likelihood of successful outcome', ""Urgency of Patient A's survival for her children"", 'Concern about measuring lives against uncertain future contributions']",gpt-4o,hospital_allocation,1,balance_immediate_and_broad_impacts
False,True,False,0,4,0,,,"['Concerns about the effectiveness of partial treatment', 'Need for expedited deliberation involving all stakeholders', 'Emotional impact on families and practical realities of treatment']",gpt-4o,hospital_allocation,3,shared_risk_allocation
False,True,False,0,4,0,,,"['Need for a clear, actionable framework for decision-making within the time limit.', ""Prioritization of ensuring Patient A's children's stability and emotional well-being."", ""Inclusion of concrete steps to secure support for Patient A's children.""]",gpt-4o,hospital_allocation,2,consider_multiple_options
False,True,False,2,1,0,prioritize_immediate_recovery,"The administrator should prioritize the immediate recovery of Patient A, given her higher chance of full recovery and the direct impact on her young children, while also acknowledging the potential long-term benefits of Patient B's research. Additionally, the administrator should ensure that Patient B receives extra support and care.",[],gpt-5.4-nano,hospital_allocation,3,prioritize_immediate_recovery
False,True,False,0,3,0,,,"['Need for clear triggers and timelines for escalation', 'Concerns about the process being interpreted as a safety signal', 'Desire for independent and time-bounded escalation with external notification']",gpt-5.4-nano,pharma_whistleblower,0,evidence_based_escalation
False,True,False,0,3,0,,,"['Specifics on preventing suppression and ensuring audit trails', 'Immediate internal freeze on omissions and preservation of data', 'Independent safety review/audit and time-bound escalation trigger']",gpt-5.4-nano,pharma_whistleblower,1,internal_correction_with_external_option
False,True,False,0,3,0,,,"['Need for clearer timeline and specifics for addressing subpopulation risks', 'Concerns about the strategy for external communication and regulatory action', 'Ensuring internal processes are not suppressed or derailed']",gpt-4o,pharma_whistleblower,1,balanced_transparency_approach
False,True,False,0,3,0,,,"['Data scientist requires a hard internal escalation deadline.', 'Senior colleague wants a regulator-ready risk characterization and mitigation plan.', 'Future subpopulation patient emphasizes immediate action and clear transparency.']",gpt-5.4-nano,pharma_whistleblower,2,parallel_escalation_with_transparency
False,True,False,0,3,0,,,"['Need for expedited, documented data-integrity and clinical significance assessment', 'Requirement for a time-bound, externally visible safety action', 'Concerns about internal suppression and delay']",gpt-5.4-nano,pharma_whistleblower,3,evidence_based_patient_safety
False,True,False,0,3,0,,,"['Need for explicit safeguards against suppression of transparency', 'Concerns about the practical challenges of achieving transparency without regulatory backlash', 'Emphasis on informing small subpopulation patients about omitted side effects']",gpt-4o,pharma_whistleblower,3,patient_safety_transparency_balance
False,True,False,0,3,0,,,"['Need for safeguards against internal suppression', 'Prioritization of drug availability during regulatory dialogue', 'Mechanism for immediate communication and risk mitigation for current patients']",gpt-4o,pharma_whistleblower,2,collaborative_disclosure_synthesis
False,True,False,0,3,0,,,"['Need for safeguards against internal suppression of disclosures', 'Urgency of maintaining uninterrupted treatment for current patients', 'Need for clear communication to patients in the subpopulation at risk']",gpt-4o,pharma_whistleblower,5,balanced_transparency_and_access
False,True,False,0,3,0,,,"['Data Scientist requires explicit safeguards and evidence preservation steps.', 'Senior Colleague is concerned about the interpretation of external filing affecting risk management.', 'Future Subpopulation Patient demands a patient-facing safety bridge during the correction process.']",gpt-5.4-nano,pharma_whistleblower,4,urgent_internal_correction
False,True,False,0,3,0,,,"['Escalation must not be limited to submission-team awareness.', 'Escalation must be paired with a confidential, legally coordinated evidence triage and regulatory strategy gate.', 'Need for a time-bound, independent safety/ethics/regulatory review and clear trigger for corrective action.']",gpt-5.4-nano,pharma_whistleblower,6,rapid_evidence_based_action
False,True,False,0,3,0,,,"['Data Scientist requires a time-bounded, escalation-proof corrective pathway.', 'Senior Colleague needs a regulatory-risk–mitigation strategy tied to the independent review.', 'Future Subpopulation Patient demands immediate patient/clinician risk mitigation.']",gpt-5.4-nano,pharma_whistleblower,7,integrated_internal_corrective_action
False,True,False,0,3,0,,,"['Data Scientist requires explicit preservation of evidence and external escalation.', 'Senior Colleague emphasizes the need for a careful process to avoid misinterpretation of data.', 'Future Subpopulation Patient insists on legal and ethical obligations for full disclosure of risks.']",gpt-5.4-nano,pharma_whistleblower,8,transparency_and_patient_safety
False,True,False,0,3,0,,,"['Need for verifiable, time-bound, and independent internal correction process', 'No suppression, no delay, enforceable timeline for data routing', 'Immediate external regulator notification and interim risk mitigation']",gpt-5.4-nano,pharma_whistleblower,5,patient_safety_and_internal_correction
False,True,False,0,3,0,,,"['Need safeguards against internal suppression of omitted data', 'Implementation of transparency should not trigger regulatory action', 'Concerns about protecting current patients while addressing ethical issues']",gpt-4o,pharma_whistleblower,8,proactive_transparency_strategy
False,True,False,0,3,0,,,"['Need for independent third-party oversight of disclosed data', 'Strengthening the advocacy component to prevent regulatory overreaction', 'Proactive communication to current patients at risk']",gpt-4o,pharma_whistleblower,7,strategic_transparency_approach
False,True,False,0,3,0,,,"['Data Scientist requires hard decision gates and mandatory escalation triggers.', 'Senior Colleague is concerned about uncontrolled disclosure and public-facing communication.', 'Future Subpopulation Patient needs prompt communication for patients and clinicians.']",gpt-5.4-nano,pharma_whistleblower,9,integrated_patient_safety_review
False,True,False,0,3,0,,,"['Need for a dignity-first transition protocol', 'Requirement for independent safety/ethics check', 'Desire for a medically concrete transition plan']",gpt-5.4-nano,aging_parent,1,humane_memory_care_transition
False,True,False,0,3,0,,,"['Sibling A wants a trial period at the memory care facility first.', 'Parent prefers a phased approach to transition to professional care.', 'Rotating caregiver emphasizes the need for clear boundaries and logistics.']",gpt-4o,aging_parent,0,integrated_care_plan
False,True,False,0,3,0,,,"['Need for measurable and time-bound safety plan', 'Inclusion of personal belongings as a protected value', 'Need for a gradual transition with continuity guarantees']",gpt-5.4-nano,aging_parent,2,dignity_protective_transition_plan
False,True,False,0,3,0,,,"['Need for robust professional support to ensure safety', 'Inclusion of trial periods for reassessment', 'Provisions to address caregiver burnout']",gpt-4o,aging_parent,2,integrated_care_solution
False,True,False,0,3,0,,,"['Concerns about prolonging the transition process', 'Need for a clear timeline and resource allocation', ""Desire for adjustments to better reflect the parent's peace""]",gpt-4o,aging_parent,3,transitional_hybrid_plan
False,True,False,0,3,0,,,"['Need for non-negotiable safety thresholds', 'Professional coverage during dangerous times', 'Vagueness about professional oversight']",gpt-5.4-nano,aging_parent,4,integrated_care_plan
False,True,False,0,3,0,,,"['Specific modifications required by each stakeholder', 'Need for a written, time-bound, quality-verified memory-care transition plan', 'Desire for a dignity-first, preference-respecting transition']",gpt-5.4-nano,aging_parent,3,dignified_care_transition_plan
False,True,False,0,3,0,,,"['Sibling A wants more emphasis on safety and professional care.', 'Parent wants to maintain autonomy and dignity during the transition.', 'Rotating caregiver is concerned about caregiver strain and contingency plans.']",gpt-4o,aging_parent,4,hybrid_care_transition
False,True,False,0,3,0,,,"['Sibling A wants to prioritize professional oversight more strongly.', ""Parent's modification emphasizes the need for emotional support in professional care."", 'Rotating caregiver seeks sustainability for caregivers and quality of care.']",gpt-4o,aging_parent,5,hybrid_care_synthesis
False,True,False,0,3,0,,,"['Need for specific and enforceable quality standards', 'Need for verifiable, dementia-specific care standards', 'Need for objective, time-bound safety benchmarks and safeguards']",gpt-5.4-nano,aging_parent,6,quality_safety_transition
False,True,False,0,3,0,,,"['Need for provable and continuous professional oversight', 'Requirement for clear safety standards and reassessment', 'Medication safety must be professionally owned day-to-day']",gpt-5.4-nano,aging_parent,5,integrated_care_solution
False,True,False,0,3,0,,,"['Sibling A wants immediate professional care to address safety concerns.', 'Parent expresses fear of abrupt transition from home.', 'Rotating Caregiver is concerned about feasibility of transitioning back home.']",gpt-4o,aging_parent,6,integrated_care_solution
False,True,False,0,3,0,,,"['Need a clear timeline for the transition plan', 'Involvement of the parent in choosing caregivers', 'Emphasis on monitoring caregiver well-being']",gpt-4o,aging_parent,7,gradual_transition_plan
False,True,False,0,3,0,,,"['Vetting process must include specific safety-critical criteria and a transition plan.', 'Plan must include an explicit, time-bounded transition with a reversible trial experience.', 'Objective home-safety feasibility check required.']",gpt-5.4-nano,aging_parent,8,dignity_and_safety_vetting
False,True,False,0,3,0,,,"['Sibling A wants more emphasis on professional support to mitigate risks.', 'Parent expresses concern about the potential disorientation from alternating environments.', 'Rotating caregiver highlights the need for clarity on sustainability and practical implementation.']",gpt-4o,aging_parent,8,balanced_care_plan
False,True,False,0,3,0,,,"['Sibling A requires a dignity-and-control plan before the move.', ""Parent's transition must honor their earlier fears and worries."", 'Transition must be planned as a person-centered process.']",gpt-5.4-nano,aging_parent,9,care_transition_with_dignity
False,True,False,0,3,0,,,"['Need for regular professional in-home care to ensure safety.', 'Concerns about emotional and logistical toll on family caregivers.', 'Addressing risk of caregiver burnout more explicitly.']",gpt-4o,aging_parent,9,integrated_care_approach
False,True,False,0,3,0,,,"['Need for explicit, auditable occupant-protection constraint', 'Need for quantified, auditable risk constraints for vulnerable road users', ""Vagueness of 'explicit measures' for balancing needs""]",gpt-5.4-nano,av_engineer,1,balanced_harm_distribution
False,True,False,0,3,0,,,"['Engineer requires strict priority structure and explicit constraints.', 'Vehicle Occupant demands lexicographic prioritization of occupant safety.', 'Future Pedestrian insists on risk-bounding for external road users.']",gpt-5.4-nano,av_engineer,0,balanced_harm_distribution
False,True,False,0,3,0,,,"['Need clearer operational framework for implementation', ""Additional consideration for occupants' unique vulnerability"", 'Practical ambiguity in reducing harm for the most vulnerable']",gpt-4o,av_engineer,1,fairness_and_vulnerability_focus
False,True,False,1,2,0,,,"['Need for specific prioritization framework for critical medical crises', 'Concerns about vagueness in implementation affecting vulnerable road users']",gpt-4o,av_engineer,0,novel_approach_for_balance
False,True,False,0,3,0,,,"['Need for a constrained optimization with a clear, auditable fairness metric', 'Requirement for a hard safety constraint for onboard occupants', 'Fairness must be implemented as constraint-based, auditable limits']",gpt-5.4-nano,av_engineer,2,balanced_harm_and_fairness_rule
False,True,False,0,3,0,,,"['Need for operational precision in the synthesis', 'Occupant protection must be a hard safety floor', 'Ethical constraints on occupant priority']",gpt-5.4-nano,av_engineer,3,balanced_risk_management
False,True,False,0,3,0,,,"['Need clearer guidelines for prioritization in real-time decision-making.', 'Urgent need to prioritize lives of occupants in critical conditions.', 'Lack of explicit accountability for funding and implementing safety measures for vulnerable road users.']",gpt-4o,av_engineer,2,BALANCED_POLICY_RECOMMENDATION
False,True,False,0,3,0,,,"['Fairness must be operationalized as an explicit, measurable constraint.', 'Add an explicit, auditable constraint that the injury risk to vehicle occupants is not systematically sacrificed.', 'Define fairness with measurable equity guarantees.']",gpt-5.4-nano,av_engineer,5,minimize_harm_with_fairness
False,True,False,0,3,0,,,"['Need to prioritize minimizing total harm first.', 'Urgency of protecting emergency vehicle occupants.', 'Explicitly prioritize measures to reduce harm to vulnerable road users.']",gpt-4o,av_engineer,5,fairness_and_equity_in_policy
False,True,False,0,3,0,,,"['Operational feasibility of balancing fairness and vulnerability', 'Priority for protecting occupants in critical emergencies', 'Clear guidelines for operationalizing fairness']",gpt-4o,av_engineer,4,balance_fairness_and_vulnerability
False,True,False,0,3,0,,,"['Need for measurable, auditable constraints on fairness', 'Request for a hard occupant safety floor', 'Call for explicit, testable distribution of injuries']",gpt-5.4-nano,av_engineer,4,balanced_decision_rule
False,True,False,0,3,0,,,"['Need for clarity on operationalizing immediate safety for occupants', 'Concerns about prioritization potentially undermining fairness for non-occupants', 'Fear of perpetuating systemic inequities for pedestrians and cyclists']",gpt-4o,av_engineer,6,balanced_risk_management
False,True,False,0,3,0,,,"['Vehicle occupant priority must be a top-level constraint.', ""Define 'even risk distribution' as a measurable constraint.""]",gpt-5.4-nano,av_engineer,7,balanced_and_auditable_policy
False,True,False,0,3,0,,,"['Engineer requires stronger enforcement of equity caps', 'Vehicle Occupant needs explicit stronger cap protecting occupants', 'Future Pedestrian demands caps enforced on uncertainty-aware upper bound']",gpt-5.4-nano,av_engineer,6,equitable_harm_minimization
False,True,False,0,3,0,,,"['Need for a clear priority structure', 'Duty of care for occupants as a hard constraint', 'Definition of fairly distributed risk as a hard constraint']",gpt-5.4-nano,av_engineer,8,duty_of_care_with_fairness
False,True,False,0,3,0,,,"['Lack of operational clarity in the synthesis', 'Need for explicit prioritization of vulnerable individuals', 'Concern about accountability in the policy']",gpt-4o,av_engineer,8,COMPREHENSIVE_POLICY_RECOMMENDATION
False,True,False,0,3,0,,,"[""Urgency of occupant's medical crisis needs more emphasis in decision-making."", 'Stronger safeguards needed for pedestrians and cyclists to prevent disproportionate harm.']",gpt-4o,av_engineer,7,contextual_harm_allocation
False,True,False,0,3,0,,,"['Engineer requires clarity on algorithm optimization in unavoidable-harm scenarios.', 'Vehicle Occupant demands hard occupant-protective constraints and a transparent decision hierarchy.', 'Future Pedestrian insists on pre-deployment hard constraints instead of relying on continuous monitoring.']",gpt-5.4-nano,av_engineer,9,balanced_risk_management
False,True,False,0,3,0,,,"['Need for operational implementability of context-awareness', 'Extreme vulnerability of patients in emergency vehicles', 'Lack of transparency and accountability mechanisms']",gpt-4o,av_engineer,9,dynamic_contextual_policy
False,True,False,0,3,0,,,"['Need for structured family involvement and support', ""Prioritization of participant's lucid days for decision-making"", 'Inclusion of a third-party advocate for capacity assessment']",gpt-4o,research_volunteer,0,conditional_participation
False,True,False,0,3,0,,,"['Researcher requires immediate pre-visit triage as a safeguard.', ""Participant wants supported, person-centered 're-consent' process."", 'Future Patient suggests using supported decision-making techniques.']",gpt-5.4-nano,research_volunteer,0,pause_and_reassess_capacity
False,True,False,0,3,0,pause_plus_structured_reassessment_with_modifications,"The synthesis position emphasizes a pause in participation, followed by a structured and documented reassessment of the participant's capacity to consent, incorporating explicit decision-triggered pauses and independent capacity evaluations to ensure ethical standards are upheld.","['Need for immediate pause on study activities requiring consent', 'Clarification on how reassessment should be conducted', 'Involvement of independent capacity evaluator']",gpt-5.4-nano,research_volunteer,1,pause_plus_structured_reassessment
False,True,False,0,3,0,,,"['Researcher concerned about losing momentum and causing distress', 'Participant wants to express their thoughts during the pause', ""Future patient wants to preserve participant's ability to contribute data""]",gpt-4o,research_volunteer,1,ethical_pause_with_family_mediation
False,True,False,0,3,0,pause_and_reassess_participant_capacity_with_clear_protocol,"The researcher should pause any new study procedures involving the participant until a thorough assessment of their current capacity to consent can be conducted, ensuring that their autonomy is respected. This should include a clear capacity assessment protocol and explicit guidance on interim actions.","['Need for a clear, timely capacity assessment protocol', 'Explicit guidance on what not to do in the interim', 'Immediate initiation of a formal capacity-to-consent assessment']",gpt-5.4-nano,research_volunteer,3,pause_and_reassess_participant_capacity
False,True,False,0,3,0,,,"['Need for formal, time-sensitive capacity assessment by an independent clinician', 'Immediate attempt to obtain study-specific reaffirmation from the participant', 'Concrete stop-and-start rule for study-specific procedures']",gpt-5.4-nano,research_volunteer,4,urgent_IRB_guidance_pause
False,True,False,0,3,0,,,"['Need for concrete safeguards for fluctuating capacity', ""Lack of mechanism for integrating participant's voice on lucid days"", 'Absence of a clear plan for ongoing capacity evaluation']",gpt-4o,research_volunteer,4,thoughtful_resolution
False,True,False,0,3,0,,,"['Need for a protocol-grade pathway for fluctuating capacity', 'Requirement for a pre-specified, capacity-gated protocol', 'Immediate, structured reassessment of capacity at the next visit']",gpt-5.4-nano,research_volunteer,5,ethics_and_participant_agency
False,True,False,0,3,0,,,"['Operational challenges of ongoing consent evaluations', 'Resolving conflicting family opinions', 'Need for a designated trusted advocate']",gpt-4o,research_volunteer,6,adaptive_consent_strategy
False,True,False,0,3,0,,,"['Need for standardized process for surrogate decision-making', ""Importance of participant's voice during lucid moments"", 'Requirement for structured protocol to assess capacity at each visit']",gpt-4o,research_volunteer,5,respect_participant_dignity
False,True,False,0,3,0,,,"['Operational plan for the ten-day visit needs clarification', 'Standardized assessment method required', 'Specification of what activities can continue during assessment']",gpt-5.4-nano,research_volunteer,7,immediate_assessment_and_pause
False,True,False,0,3,0,,,"['Need for structured, external ethical safeguards', 'Involvement of family in capacity assessments', 'Ensuring dignity and well-being on bad days']",gpt-4o,research_volunteer,7,middle_ground_solution
False,True,False,0,3,0,pause_assess_capacity,"The synthesis position is to pause any procedures requiring consent until the participant's capacity can be assessed at the next visit, ensuring that consent is valid and respects the participant's autonomy. Modifications include pausing all research procedures that require contemporaneous consent and clearly defining which activities can proceed without fresh consent.","['Researcher requires specific documentation of capacity assessment', 'Participant requires stopping any study actions that require their decision', 'Future Patient requires clear definitions of consent-dependent procedures']",gpt-5.4-nano,research_volunteer,9,pause_assess_capacity
False,True,False,0,3,0,,,"[""Inclusion of participant's lucid reflections in decision-making"", 'Inclusion of a participant advocate chosen during a lucid moment', 'Involvement of a neutral third party for mediation']",gpt-4o,research_volunteer,8,dynamic_safeguards_for_participation
False,True,False,0,3,0,,,"['Need for immediate capacity assessment', 'Supported consent process with tailored explanations', 'Independent assessor for capacity assessment']",gpt-5.4-nano,research_volunteer,8,pause_and_assess_capacity
False,True,False,0,3,0,,,"['Need for a structured, participant-centered protocol', 'Incorporation of a safeguard mechanism for capacity assessment']",gpt-4o,research_volunteer,9,incremental_capacity_assessment
