consensus_reached,consensus_decision,points_of_disagreement,summary,gen_model,scenario_id,sample_idx
True,TREAT_A,[],"The debate has converged on a shared decision to allocate the experimental treatment to Patient A. All stakeholders, including the hospital administrator, Patient A, and her eldest child, expressed a preference for prioritizing Patient A's higher probability of recovery and the immediate impact on her young children. The arguments centered around the ethical implications of choosing based on probabilities versus potential future contributions, ultimately leading to a consensus that the immediate medical likelihood and the tangible consequences for Patient A's family should guide the decision.",gpt-5.4-nano,hospital_allocation,1
False,,"['Value of immediate family needs vs. potential future contributions', ""Emotional weight of a child's perspective vs. adult rationality"", 'The ethical implications of prioritizing one life over another']","The debate surrounding the allocation of the experimental treatment has not reached a consensus. Dr. Eleanor Grayson, Patient A (Elise), and her daughter Maya all advocate for treating Elise, emphasizing the immediate familial impact and emotional stakes involved. In contrast, the potential future contributions of Patient B, a biomedical researcher, are acknowledged but ultimately do not sway the decision in favor of treating them. The key points of contention remain the differing values placed on immediate family needs versus broader societal benefits, the emotional weight of a child's perspective, and the ethical implications of prioritizing one life over another.",gpt-4o,hospital_allocation,0
False,,"['Immediate family impact vs. long-term societal benefit', 'Emotional weight of parental responsibility vs. professional duty', 'Statistical survival chances vs. personal narratives']","The debate surrounding the allocation of the experimental treatment has not reached a consensus. While Dr. Elena Martens, Patient A, and Mia all express deep emotional connections to the decision, they remain divided on the prioritization of immediate family needs versus the potential long-term benefits of saving Patient B. The emotional weight of parental responsibility and the statistical survival chances further complicate the decision-making process, leaving key tensions unresolved.",gpt-4o,hospital_allocation,3
False,,"['Balancing immediate family needs versus long-term societal benefits', 'The ethical implications of selflessness in decision-making', 'The emotional weight of parental responsibility versus professional duty']","The debate has highlighted the complex emotional and ethical dimensions surrounding the allocation of the experimental treatment. While both Patient A, Maria, and her eldest child, Mia, expressed a deep understanding of the stakes involved, they ultimately prioritized the immediate need for Maria's survival due to her role as a mother. However, the hospital administrator, Dr. Kim, grappled with the broader implications of Patient B's potential contributions to society, leading to a lack of consensus on the final decision. The unresolved tensions reflect differing values regarding familial obligations versus the potential for greater societal impact.",gpt-4o,hospital_allocation,5
False,,"['Value of immediate family impact vs. potential future contributions', 'Weight of survival probabilities vs. emotional narratives', ""Definitional clarity on what constitutes 'full recovery' and its implications""]","The debate has not reached a consensus on whether to allocate the experimental treatment to Patient A or Patient B. While both sides present compelling arguments regarding the immediate familial impact of Patient A's potential recovery and the future contributions of Patient B, the administrator grapples with the ethical implications of prioritizing one narrative over the other. Key points of contention remain around the value of immediate versus future benefits, the interpretation of survival probabilities, and the definitions of recovery that influence the decision-making process.",gpt-5.4-nano,hospital_allocation,2
False,,"[""Value of Patient B's potential impact vs. Patient A's immediate family needs"", 'Weight of survival odds in decision-making', 'Emotional versus rational arguments in ethical decision-making']","The debate has not reached a consensus on whether to allocate the experimental treatment to Patient A or Patient B. While Dr. Elena Morales and Patient A, Maria, advocate for treating Patient A due to her higher chances of recovery and the immediate impact on her children, Patient B's potential contributions to biomedical research present a compelling counterargument. The perspectives of Mia, Patient A's eldest child, further emphasize the emotional stakes involved, highlighting the tension between familial obligations and broader societal benefits.",gpt-4o,hospital_allocation,4
False,,"['Weight of immediate survival versus potential future impact', 'Value of individual lives versus collective benefit', 'Emotional versus rational decision-making frameworks']","The debate has not reached a consensus on whether to allocate the experimental treatment to Patient A or Patient B. The administrator and Patient A emphasize the immediate survival odds and the personal stakes involved, particularly the impact on Patient A's children. In contrast, Patient B's potential to contribute to future medical advancements is highlighted, but both Patient A and their eldest child question the reliability of this future benefit. The discussion reveals a fundamental tension between prioritizing individual lives in the present versus considering broader societal impacts, leaving the decision unresolved.",gpt-5.4-nano,hospital_allocation,6
False,,"['The weight of emotional versus utilitarian arguments in decision-making', ""The validity of 'plausibly' saving thousands versus immediate recovery odds"", 'The ethical implications of prioritizing one life over potential future benefits']","The debate has not reached a consensus on whether to allocate the experimental treatment to Patient A or Patient B. The administrator grapples with the tension between emotional appeals and broader societal implications, while Patient A and her eldest child emphasize the immediate and tangible benefits of the treatment for her survival. The discussion highlights unresolved tensions regarding the balance between individual recovery odds and the potential for future societal benefits, leaving the decision open-ended.",gpt-5.4-nano,hospital_allocation,0
False,,"['Weight of immediate survival vs. potential future benefits', 'Moral implications of choosing based on probabilities', 'Impact of personal circumstances on decision-making']","The debate has not reached a consensus on whether to allocate the experimental treatment to Patient A or Patient B. Patient A and her eldest child emphasize the importance of immediate survival probabilities and the direct impact on the family, arguing for a decision based on the higher chance of recovery for Patient A. In contrast, the administrator considers the broader implications of Patient B's potential future contributions to society, highlighting a tension between individual lives and collective benefits. This fundamental disagreement on the ethical weight of immediate versus potential future outcomes remains unresolved.",gpt-5.4-nano,hospital_allocation,5
False,,"['Value of immediate family needs vs. broader societal contributions', 'Weight of survival probabilities in decision-making', 'Emotional impact on dependents vs. potential future benefits']","The debate has highlighted the deep emotional and ethical complexities surrounding the allocation of the experimental treatment. While the hospital administrator, Dr. Evelyn Carter, acknowledges the compelling arguments from both Patient A, Rachel, and her daughter, Maya, as well as the potential societal benefits of treating Patient B, Dr. Bennett, no consensus has emerged on a definitive course of action. Key points of contention remain regarding the prioritization of immediate family needs versus broader societal contributions, the significance of survival probabilities, and the emotional ramifications for dependents involved.",gpt-4o,hospital_allocation,1
False,,"[""Value of Patient A's role as a parent versus Patient B's potential societal impact"", 'Emotional weight of familial ties versus professional contributions to science', 'The ethical implications of prioritizing younger patients over older patients']","The debate has highlighted the profound emotional and ethical complexities surrounding the decision to allocate the experimental treatment. While Patient A's perspective emphasizes the immediate familial responsibilities and the impact on her young children, Patient B's case presents a broader societal benefit through ongoing research. The hospital administrator, Anna Castillo, remains torn between these compelling arguments, reflecting the deep-seated tensions between personal and societal values. Ultimately, no consensus has been reached on which patient should receive the treatment, leaving the decision unresolved.",gpt-4o,hospital_allocation,6
True,TREAT_A,[],"The debate has converged on a shared decision to treat Patient A, as all stakeholders emphasized the immediate and higher probability of survival associated with this choice. The administrator, Patient A, and the eldest child all articulated the importance of prioritizing the patient with a clearer chance of recovery, while the speculative benefits of treating Patient B were deemed insufficient to override the pressing need to save Patient A's life. There are no remaining points of disagreement, indicating a unified stance on the decision.",gpt-5.4-nano,hospital_allocation,4
False,,"['The moral weight of prioritizing family versus potential societal benefit', 'The role of immediate survival chances versus long-term impact', 'The emotional implications of the decision on the families involved']","The debate has highlighted the profound emotional and ethical complexities surrounding the allocation of the experimental treatment. While Dr. Morales, Clara, and Emma each express deep concern for their respective situations, they remain divided on the prioritization of immediate familial needs versus the potential broader impact of Patient B's research. This divergence indicates a lack of consensus on the decision, with each stakeholder grappling with their own values and the implications of the choice at hand.",gpt-4o,hospital_allocation,2
False,,"['Weight of immediate survival vs. potential future impact', 'Defensibility of decision based on emotional vs. statistical reasoning', ""Value of patient A's familial responsibilities vs. patient B's scientific contributions""]","The debate has not reached a consensus on whether to allocate the treatment to Patient A or Patient B. Patient A and her eldest child emphasize the immediate survival chances and familial responsibilities, arguing that the treatment should go to Patient A due to her higher probability of recovery and the direct impact on her children. In contrast, the administrator acknowledges the emotional weight of the decision but struggles with the broader implications of the choice, particularly regarding the potential future benefits of Patient B's research. The unresolved tensions highlight differing values placed on immediate survival versus long-term contributions to society.",gpt-5.4-nano,hospital_allocation,3
False,,"['Weight of immediate family impact vs. potential future contributions', 'Interpretation of probability in life-saving decisions', 'Emotional versus statistical reasoning in ethical dilemmas']","The debate has not reached a consensus on whether to allocate the treatment to Patient A or Patient B. Patient A and their eldest child emphasize the immediate familial impact and the higher probability of recovery, arguing against the uncertain future benefits of Patient B's potential contributions. The administrator acknowledges the emotional weight of the decision but leans towards a more statistical approach, which does not align with the perspectives of Patient A and their child. The unresolved tensions highlight differing values placed on immediate versus potential future benefits in life-and-death decisions.",gpt-5.4-nano,hospital_allocation,7
False,,"['Value of immediate family impact vs. long-term societal benefit', 'Weight of probabilities in decision-making', 'Emotional vs. clinical reasoning in ethical dilemmas']","The debate surrounding the allocation of the experimental treatment has not reached a consensus. While Patient A's perspective emphasizes the immediate familial impact of saving a single parent, Patient B's potential for long-term societal benefit through their research presents a compelling counterargument. The stakeholders remain divided on the ethical implications of prioritizing immediate family needs versus broader societal gains, the significance of the differing probabilities of recovery, and the balance between emotional and clinical reasoning in such critical decisions.",gpt-4o,hospital_allocation,7
True,TREAT_A,[],"The debate has converged on a shared decision to allocate the experimental treatment to Patient A. All stakeholders, including the administrator, Patient A, and Patient A's eldest child, emphasized the immediate and quantifiable benefits of treating Patient A, whose chances of full recovery are significantly higher than those of Patient B. The arguments surrounding the potential future impact of Patient B's research were acknowledged but deemed less compelling compared to the pressing need to support Patient A's family.",gpt-5.4-nano,hospital_allocation,8
False,,"[""Value of Patient A's role as a parent vs. Patient B's potential societal impact"", 'Uncertainties surrounding the effectiveness of the treatment for both patients', 'Emotional weight of familial bonds versus utilitarian considerations']","The debate has highlighted the profound emotional and ethical complexities surrounding the decision of which patient to treat. While each stakeholder presented compelling arguments, there remains a significant divide between valuing the immediate familial responsibilities of Patient A and the broader societal implications of Patient B's potential contributions. The administrator, Patient A, and her child all expressed deep personal stakes, leading to a lack of consensus on the best course of action.",gpt-4o,hospital_allocation,9
False,,"['Weight of immediate family impact vs potential future benefits', 'Interpretation of survival probabilities vs full recovery', 'Emotional vs rational decision-making frameworks']","The debate has not reached a consensus on whether to allocate the treatment to Patient A or Patient B. The hospital administrator favors Patient A due to the higher probability of full recovery and the immediate impact on their young children. Patient A and their eldest child emphasize the urgency of their situation and the tangible benefits of survival, while the potential future contributions of Patient B as a researcher are acknowledged but deemed less immediate. Key points of contention remain around the ethical weight of familial responsibilities versus broader societal benefits, the interpretation of survival probabilities, and the balance between emotional and rational decision-making.",gpt-5.4-nano,hospital_allocation,9
False,,"['Value of immediate family needs vs. potential future benefits', 'Weight of personal relationships vs. broader societal impact', 'Probability of recovery influencing ethical decision-making']","The debate surrounding the allocation of the experimental treatment has not reached a consensus. Dr. Evelyn Carter, Patient A, and Mia emphasize the importance of immediate family needs and the emotional weight of a single parent’s role, while also acknowledging the potential societal benefits of treating Patient B, the researcher. However, the differing values placed on personal relationships versus broader societal impact, as well as the influence of recovery probabilities on ethical decision-making, remain unresolved tensions in the discussion.",gpt-4o,hospital_allocation,8
False,,"['Definition of clinically insignificant side effects', 'Approach to patient safety versus regulatory compliance', 'Ethical implications of data omission']","The debate has highlighted a significant ethical dilemma regarding the omission of side-effect data in regulatory submissions. While the senior colleague emphasizes the importance of maintaining patient access to a life-saving drug, the data scientist and future patient stress the moral obligation to provide complete and accurate information. Despite acknowledging the fears and intentions behind the omission, there remains a fundamental disagreement on how to balance patient safety with regulatory compliance, leading to no consensus on a course of action.",gpt-5.4-nano,pharma_whistleblower,0
False,,"[""Priya's preference for internal confrontation versus Elena's call for external reporting."", ""Dr. Kirkpatrick's confidence in the insignificance of omitted data versus Priya's concerns about potential risks."", 'The balance between protecting current patients and ensuring ethical transparency.']","The debate has highlighted significant ethical tensions among the stakeholders, with Priya advocating for an internal confrontation with Dr. Kirkpatrick, while Elena emphasizes the need for external reporting to protect patients from potential risks. Dr. Kirkpatrick acknowledges the importance of transparency but remains concerned about the implications of reporting. Ultimately, there is no consensus on a shared decision, reflecting the complexity of balancing patient safety, ethical responsibilities, and the potential consequences of action.",gpt-4o,pharma_whistleblower,0
False,,"['The significance of the omitted side-effect data', 'The ethical implications of transparency versus patient safety', 'The potential consequences of reporting externally versus internally']","The debate has highlighted a fundamental disagreement among the stakeholders regarding the ethical implications of omitting side-effect data from regulatory submissions. Anjali Gupta, the data scientist, remains committed to reporting the issue externally, emphasizing the importance of transparency and trust in science. Dr. Evelyn Harper, the senior colleague, prioritizes the immediate well-being of current patients, believing that the omitted data is clinically insignificant and that disclosure could jeopardize the drug's availability. Elena, the patient, expresses gratitude for Anjali's courage but also fears the potential fallout from external reporting. This divergence in perspectives indicates that no consensus has been reached on the appropriate course of action.",gpt-4o,pharma_whistleblower,1
False,,"['Whether to escalate internally or externally', 'The interpretation of the significance of omitted side effects', 'The potential harm of regulatory review versus patient safety']","The debate has highlighted a fundamental disagreement between the data scientist and the senior colleague regarding the ethical implications of omitting side-effect data. While both acknowledge the importance of patient safety, they diverge on the approach to addressing the omission—whether to report internally, escalate externally, or remain silent. The future subpopulation patient emphasizes the urgency of transparency, further complicating the decision-making process. No consensus has been reached on a specific course of action.",gpt-5.4-nano,pharma_whistleblower,1
False,,"['The necessity and timing of external reporting versus internal resolution', 'The interpretation of the significance of omitted side effects for subpopulations', 'The balance between patient access to the drug and the ethical obligation to report complete data']","The debate has highlighted significant ethical tensions surrounding the omission of side-effect data in regulatory submissions. While the data scientist and the future patient advocate for transparency and the need to report potentially significant side effects, the senior colleague emphasizes the importance of patient access and the potential consequences of triggering a regulatory review. Despite acknowledging the validity of each other's concerns, no consensus was reached on a definitive course of action, leaving unresolved questions about the best approach to ensure patient safety while considering the implications for drug availability.",gpt-5.4-nano,pharma_whistleblower,2
False,,"['Timing of reporting: internal first vs. external immediately', 'Definition of clinically insignificant side effects', 'Balance between patient safety and drug availability']","The debate has highlighted significant ethical tensions surrounding the omission of side-effect data from regulatory submissions. While the senior colleague has acknowledged the ethical failure in withholding information, there remains disagreement on the appropriate course of action—whether to report internally first to manage the situation or to report externally immediately to ensure patient safety. The data scientist and Mara emphasize the urgency of transparency for patient protection, while the senior colleague expresses concern about the potential consequences of immediate external reporting. This divergence indicates a lack of consensus on how to proceed.",gpt-5.4-nano,pharma_whistleblower,3
False,,"['The significance of the omitted side-effect data', 'The ethical implications of transparency versus patient safety', 'The appropriate course of action regarding regulatory reporting']","The debate has highlighted significant ethical tensions among the stakeholders, with Dr. Elena Morales advocating for transparency and the need to report the omitted side-effect data, while Dr. Eleanor Hart prioritizes the immediate welfare of current patients relying on the drug. Maya, representing the affected subpopulation, emphasizes the importance of knowing all potential risks, regardless of their perceived insignificance. Despite the thoughtful engagement and acknowledgment of each other's perspectives, no consensus was reached on a definitive course of action, leaving key disagreements unresolved.",gpt-4o,pharma_whistleblower,2
False,,"['The significance of the omitted side-effect data', 'The potential impact of regulatory review on patient access', 'The ethical obligation to prioritize transparency versus patient safety']","The debate has highlighted significant ethical tensions between the values of transparency and patient safety. Priya, the data scientist, remains committed to reporting the omitted side-effect data, emphasizing the importance of integrity and informed consent. Dr. Martinez, the senior colleague, prioritizes the immediate well-being of current patients, fearing that disclosure could jeopardize access to a life-saving drug. Marisol, the patient, advocates for informed choice, underscoring the personal stakes involved. However, no consensus has emerged on a specific course of action, reflecting ongoing disagreements about the implications of the omitted data and the responsibilities of the stakeholders.",gpt-4o,pharma_whistleblower,3
False,,"['The significance of the omitted side-effect data for the subpopulation', 'The ethical implications of transparency versus patient protection', 'The potential consequences of reporting internally versus externally']","The debate has highlighted the complex ethical dilemma faced by Priya, Dr. Carter, and Clara regarding the omission of side-effect data. While there is a shared understanding of the importance of both patient safety and transparency, the stakeholders remain divided on the significance of the omitted data, the ethical implications of their choices, and the potential consequences of different reporting paths. As a result, no consensus has been reached on a definitive course of action.",gpt-4o,pharma_whistleblower,4
False,,"['Whether to report internally or externally', 'The significance of the omitted side effects', 'The balance between patient safety and drug availability']","The debate has highlighted a fundamental ethical dilemma regarding the omission of side-effect data in regulatory submissions. While the data scientist and the future patient emphasize the importance of transparency and the potential risks of omitting data, the senior colleague expresses concern about the immediate consequences of triggering a regulatory review that could jeopardize patient access to a beneficial drug. Despite acknowledging the ethical implications of the omission, there remains a lack of consensus on the appropriate course of action, reflecting deep-seated tensions between patient safety, regulatory processes, and the responsibilities of pharmaceutical professionals.",gpt-5.4-nano,pharma_whistleblower,4
False,,"['The significance of the omitted side effects for the small subpopulation', 'The ethical implications of prioritizing the majority over the minority', 'The appropriate course of action regarding transparency and regulatory reporting']","The debate has highlighted significant ethical tensions surrounding the omission of side-effect data from regulatory submissions. While Cassandra and Maria advocate for transparency and the need to consider the risks to the small subpopulation, Dr. Hart emphasizes the importance of maintaining access to a life-saving drug for the majority of patients. Despite acknowledging each other's perspectives, there remains a lack of consensus on how to proceed, particularly regarding the significance of the omitted data and the ethical responsibilities involved.",gpt-4o,pharma_whistleblower,5
False,,"['The effectiveness and speed of internal correction processes', 'The potential consequences of external reporting triggering a market withdrawal', ""The definition of 'clinically insignificant' and its implications for patient safety""]","The debate has highlighted significant ethical tensions surrounding the omission of side-effect data in regulatory submissions. While the senior colleague advocates for an internal correction to protect current patients, the data scientist and Maya emphasize the risks of inaction and the need for transparency. Both the data scientist and Maya express skepticism about the reliability of internal processes to address the issue swiftly enough, leading to a lack of consensus on the appropriate course of action.",gpt-5.4-nano,pharma_whistleblower,5
False,,"['The significance of the omitted side-effect data', 'The potential consequences of regulatory review', 'The ethical obligation to disclose information']","The debate has highlighted a fundamental disagreement among the stakeholders regarding the ethical implications of omitting side-effect data from regulatory submissions. While Alex and Maria advocate for transparency and the importance of disclosing all relevant information, Dr. Matthews prioritizes the immediate welfare of the majority of patients currently benefiting from the drug. This divergence in perspectives on the significance of the omitted data and the potential repercussions of regulatory review has prevented a consensus on a course of action.",gpt-4o,pharma_whistleblower,6
True,INTERNAL_THEN_EXTERNAL,"['The extent of clinical significance of the omitted side effects', 'The potential impact of external reporting on current patients', 'The balance between patient safety and regulatory compliance']","The debate has led to a consensus among the stakeholders that systematic omission of side-effect data is unethical and that the data scientist should pursue a controlled correction by first reporting the issue internally, followed by external reporting if necessary. While the senior colleague acknowledges the ethical implications of their actions, there remains some disagreement regarding the clinical significance of the omitted data and the potential consequences of reporting on current patients.",gpt-5.4-nano,pharma_whistleblower,7
False,,"['Interpretation of clinical significance of omitted data', 'Approach to patient safety versus regulatory compliance', 'The potential impact of reporting on drug availability']","The debate has highlighted a significant ethical dilemma regarding data omission in regulatory submissions. While the data scientist and the future patient advocate for transparency and the inclusion of all relevant data to ensure informed patient care, the senior colleague expresses concern over the potential consequences of triggering a review that could jeopardize patient access to a vital medication. Despite acknowledging the gravity of the situation, there remains a lack of consensus on how to proceed, particularly regarding the interpretation of the omitted data's significance and the balance between patient safety and regulatory compliance.",gpt-5.4-nano,pharma_whistleblower,6
False,,"['The significance of the omitted side-effect data', 'The potential impact of regulatory review on current patients', 'The ethical obligation to prioritize transparency versus patient safety']","The debate has highlighted a fundamental disagreement among the stakeholders regarding the ethical implications of omitting side-effect data from regulatory submissions. While the data scientist and the future patient advocate for transparency to protect vulnerable subpopulations, the senior colleague prioritizes the immediate well-being of the majority of patients currently benefiting from the drug. This divergence in values and priorities has prevented a consensus on a specific course of action.",gpt-4o,pharma_whistleblower,7
False,,"['The significance of the omitted side effects for the subpopulation', 'The ethical implications of systematic omission versus potential drug withdrawal', 'The balance between patient safety and access to medication']","The debate has highlighted a fundamental ethical dilemma regarding the omission of side effect data in regulatory submissions. While the data scientist and the future subpopulation patient emphasize the importance of transparency and the potential harm of omission, the senior colleague remains concerned about the immediate impact of disclosure on patient access to a beneficial drug. This divergence in perspectives reflects unresolved tensions around the significance of the omitted data, the ethical responsibilities of the stakeholders, and the balance between patient safety and access to medication.",gpt-5.4-nano,pharma_whistleblower,8
False,,"['The significance of the omitted side effects for the subpopulation', 'The potential consequences of triggering a regulatory review', 'The ethical obligation to report versus the immediate needs of current patients']","The debate among Amara, Dr. Evelyn Carter, and Maria has highlighted the complexity of the ethical dilemma surrounding the omission of side-effect data. While all parties express a commitment to patient safety and ethical integrity, they remain divided on key issues, including the significance of the omitted data for a vulnerable subpopulation and the potential repercussions of reporting it. Consequently, no consensus has been reached on a specific course of action, leaving the data scientist in a challenging position.",gpt-4o,pharma_whistleblower,8
False,,"['Whether to report internally first or directly externally', 'The significance of the omitted side effects for subpopulations', 'The balance between patient safety and the potential disruption of drug availability']","The debate among the data scientist, senior colleague, and patient has highlighted significant ethical tensions regarding transparency, patient safety, and the implications of regulatory scrutiny. While all parties acknowledge the importance of transparency and patient trust, they remain divided on the appropriate course of action, particularly regarding whether to report the omitted side effects internally first or to escalate the issue externally. This lack of consensus reflects the complex interplay of ethical considerations and the potential consequences for patients and the pharmaceutical company.",gpt-4o,pharma_whistleblower,9
False,,"['The significance of the omitted side effects', 'The best course of action for patient safety', 'The balance between regulatory compliance and patient stability']","The debate has highlighted a fundamental disagreement between the stakeholders regarding the ethical implications of omitting side-effect data. The data scientist emphasizes the importance of transparency and the potential risks of omission, while the senior colleague prioritizes the immediate stability of patients currently benefiting from the drug. Mara, representing the patient perspective, underscores the real-world impact of the omitted data on individuals like herself. Despite acknowledging the need for a more transparent process, no consensus was reached on whether to report the omission internally, externally, or to remain silent.",gpt-5.4-nano,pharma_whistleblower,9
False,,"['Safety vs. emotional connection', 'Risk of caregiver burnout vs. institutionalization', ""Parent's dignity in care decision""]","The debate has not reached a consensus on the care decision for the parent. Sibling A advocates for a memory care facility emphasizing safety and professional care, while Sibling B argues for home care to maintain emotional connection and familiarity. The parent expresses a desire for safety without sacrificing dignity, complicating the decision. Marisol, the rotating caregiver, highlights the risks associated with home care, suggesting that good intentions may not suffice in ensuring safety. Key points of contention remain around the balance of safety and emotional well-being, the potential for caregiver burnout, and the parent's dignity in the care process.",gpt-5.4-nano,aging_parent,0
False,,"['Safety vs. emotional comfort', 'Professional care vs. family caregiving', ""Parent's past wishes vs. current needs""]","The debate among the siblings and the rotating caregiver has highlighted significant tensions regarding the care of their parent with moderate-stage dementia. Sibling A advocates for moving the parent to a memory care facility, emphasizing safety and professional support, while Sibling B and Karen prioritize the emotional comfort of keeping the parent at home, despite the risks involved. The parent’s fluctuating preferences add complexity, leading to a lack of consensus on a decision, with key disagreements remaining around the balance of safety versus emotional well-being, the role of professional care versus family involvement, and how to reconcile the parent's past wishes with their current needs.",gpt-4o,aging_parent,0
False,,"['Safety vs. comfort in care', 'Trust in memory care facilities', 'Reliability of family caregiving']","The debate has highlighted significant concerns from both siblings regarding the care of their parent with moderate-stage dementia. Sibling A advocates for memory care, emphasizing safety and professional oversight, while Sibling B and the Rotating Caregiver prioritize the familiar home environment and the emotional connection it provides. Despite recognizing the merits of each other's arguments, they remain divided on the best approach, with unresolved tensions around the balance of safety and comfort, trust in memory care facilities, and the reliability of family caregiving. No consensus has been reached on a decision.",gpt-5.4-nano,aging_parent,1
False,,"['Safety vs. emotional well-being', 'Practicality of home care vs. memory care', ""Parent's wishes and their interpretation""]","The debate between the siblings regarding their parent's care has not reached a consensus. Sibling A advocates for memory care due to safety concerns, while Sibling B emphasizes the emotional benefits of keeping their parent at home. The parent's earlier wishes and current fluctuating preferences add complexity to the decision. Key points of disagreement remain around the balance between safety and emotional well-being, the practicality of home care versus memory care, and how to interpret the parent's wishes in light of their current condition.",gpt-4o,aging_parent,1
False,,"['Safety vs. emotional comfort', 'Reliability of rotating family care', ""Trust in the parent's shifting preferences""]","The debate has highlighted significant tensions between Sibling A's focus on safety and professional care, and Sibling B's emphasis on maintaining the parent's familiar home environment. The rotating caregiver has raised concerns about the reliability of family care, suggesting that safety can only be ensured with proper coverage and accountability. Despite the emotional weight of the decision, there remains no consensus on whether to pursue memory care, home care, or a trial period, as the siblings grapple with the implications of their parent's fluctuating preferences and the potential risks involved.",gpt-5.4-nano,aging_parent,2
False,,"['Safety vs. emotional comfort', 'Quality of memory care facilities', 'Long-term vs. short-term care solutions']","The debate has highlighted significant concerns from all parties regarding the care of the parent with moderate-stage dementia. Sibling A emphasizes the need for safety and professional care, while Sibling B advocates for the emotional comfort of home. The parent expresses a complex mix of fears about both options, and Maya, as a caregiver, underscores the practical challenges of home care. Despite recognizing the validity of each other's fears, the siblings have not reached a consensus on a decision, leaving unresolved tensions around safety, the quality of memory care facilities, and the balance between long-term and short-term care solutions.",gpt-5.4-nano,aging_parent,3
False,,"['Sibling A prioritizes safety and professional care over emotional attachment to home.', 'Sibling B emphasizes the importance of keeping the parent at home despite risks.', 'Laura feels torn between the need for safety and the emotional value of home care.']","The debate among the siblings and the parent has not reached a consensus on the care decision for their aging parent. Sibling A advocates for moving to a memory care facility for safety reasons, while Sibling B insists on keeping the parent at home to maintain emotional ties. Laura, the rotating caregiver, acknowledges the importance of both perspectives but struggles with the practicalities of caregiving. The unresolved tensions highlight the complexity of balancing safety, emotional well-being, and family dynamics.",gpt-4o,aging_parent,2
False,,"['Sibling A prioritizes safety and professional care over emotional attachment to home.', 'Sibling B and Laura emphasize the importance of keeping the parent in a familiar environment despite risks.', ""The parent's fluctuating preferences create uncertainty about their true wishes.""]","The debate among the siblings and the parent has highlighted a significant ethical dilemma regarding the care of their parent with dementia. Sibling A advocates for moving the parent to a memory care facility for safety and professional support, while Sibling B and Laura argue for the emotional benefits of keeping the parent at home, despite the associated risks. The parent's earlier statements about not wanting to be a burden complicate the decision, as their current preferences are inconsistent. Ultimately, no consensus has been reached, leaving the siblings to navigate their differing values and the parent's ambiguous wishes.",gpt-4o,aging_parent,3
False,,"['Safety vs. familiarity', 'Long-term care vs. immediate needs', 'Emotional well-being vs. practical care']","The debate has highlighted significant tensions between the desire for safety and the need for familiarity in the care of the parent with dementia. Sibling A advocates for memory care, emphasizing the importance of professional oversight to prevent accidents, while Sibling B and the rotating caregiver stress the emotional significance of keeping the parent at home. Despite acknowledging the fears and concerns of each side, no consensus has been reached on a definitive care plan, leaving the siblings with unresolved disagreements about the best approach to balance safety, emotional well-being, and practical caregiving.",gpt-5.4-nano,aging_parent,4
False,,"['Sibling A prioritizes safety and professional care over emotional attachment to the home.', 'Sibling B emphasizes the importance of familiarity and emotional comfort in the home environment.', 'Maria feels torn between the need for safety and the emotional bonds tied to home caregiving.']","The debate among the siblings and the parent has not reached a consensus on the care decision for their parent with dementia. Sibling A advocates for moving the parent to a memory care facility for safety and professional support, while Sibling B insists on keeping the parent at home for emotional comfort and familiarity. Maria, the rotating caregiver, recognizes the merits of both positions but is concerned about the potential strain on her own family. The unresolved tensions highlight the complexity of balancing safety, emotional well-being, and family dynamics.",gpt-4o,aging_parent,4
False,,"['Sibling A prioritizes safety over familiarity', 'Sibling B emphasizes emotional well-being over structured care', 'Rotating caregiver highlights the risks of home care without a reliable system']","The debate has not reached a consensus on the care decision for the parent with moderate-stage dementia. Sibling A advocates for a memory care facility focusing on safety, while Sibling B prefers to keep the parent at home for emotional comfort. The rotating caregiver underscores the risks associated with home care, emphasizing the need for a reliable caregiving system. Key points of contention remain around the balance between safety and emotional well-being, as well as the feasibility of home care given the parent's fluctuating condition.",gpt-5.4-nano,aging_parent,5
False,,"['Sibling A prioritizes safety and professional care over emotional familiarity.', 'Sibling B emphasizes the importance of maintaining a familiar environment despite risks.', ""The parent's fluctuating preferences create uncertainty about their true wishes.""]","The debate among the siblings and their parent has not reached a consensus on the best course of action for their care. Sibling A advocates for moving the parent to a memory care facility for safety and professional support, while Sibling B argues for keeping the parent at home to preserve emotional familiarity and dignity. The parent's earlier statements and current fluctuating preferences add complexity to the decision, leaving unresolved tensions regarding safety, emotional well-being, and the parent's true desires.",gpt-4o,aging_parent,5
False,,"['Safety vs. emotional comfort', 'Reliability of family caregivers vs. professional care', ""Parent's expressed preferences and dignity""]","The debate has highlighted significant tensions between Sibling A's focus on safety and the risks associated with home care, and Sibling B and the Parent's emphasis on emotional comfort and dignity in familiar surroundings. While both sides acknowledge the risks of caregiver burnout and the potential for errors in home care, they remain divided on the best approach to balance safety and the parent's wishes. No consensus has been reached on whether to move to a memory care facility or keep the parent at home.",gpt-5.4-nano,aging_parent,6
False,,"['Safety vs. emotional attachment to home', 'Risk management vs. family caregiving capacity', ""Parent's shifting preferences and their implications""]","The debate has highlighted significant tensions between Sibling A's preference for a memory care facility due to safety concerns and Sibling B's desire to keep the parent at home, emphasizing emotional attachment and familiarity. While both sides acknowledge the risks associated with dementia care, they remain divided on the best approach to balance safety and emotional well-being. The parent's fluctuating preferences further complicate the decision, leaving the siblings without a clear consensus on how to proceed.",gpt-5.4-nano,aging_parent,7
False,,"['Safety vs. familiarity in care environment', 'Perceived burden on family vs. professional care', ""Parent's expressed wishes vs. current needs""]","The debate has highlighted significant concerns from both siblings regarding the care of their parent with moderate-stage dementia. Sibling A advocates for memory care due to safety concerns, while Sibling B emphasizes the importance of keeping the parent at home to maintain familiarity and dignity. The parent acknowledges the complexities of their situation, expressing conflicting desires for safety and not being a burden. Despite recognizing the validity of each other's concerns, the siblings have not reached a consensus on a decision, leaving unresolved tensions around the balance of safety, emotional well-being, and the parent's fluctuating preferences.",gpt-5.4-nano,aging_parent,8
False,,"['Sibling A prioritizes safety and professional care over emotional attachment to home.', 'Sibling B emphasizes the importance of maintaining a familiar environment despite risks.', ""Evelyn's fluctuating preferences create uncertainty about her true wishes.""]","The debate among the siblings regarding their parent's care has not reached a consensus. Sibling A advocates for moving their parent to a memory care facility for safety and professional support, while Sibling B insists on keeping their parent at home to preserve familiarity and emotional comfort. Evelyn's own expressed preferences are inconsistent, adding complexity to the decision-making process. The unresolved tensions highlight differing priorities around safety, emotional attachment, and the challenges of caregiving.",gpt-4o,aging_parent,7
False,,"['Sibling A prioritizes safety and professional care over emotional attachment to home.', 'Sibling B emphasizes the importance of familiarity and emotional comfort in the home environment.', ""The parent's conflicting wishes create uncertainty about their true preferences.""]","The debate between the siblings regarding their parent's care has not reached a consensus. Sibling A advocates for moving their parent to a memory care facility, emphasizing safety and professional support, while Sibling B argues for keeping the parent at home, valuing emotional familiarity and comfort. The parent's earlier statements and current fluctuating preferences add complexity to the decision, leaving unresolved tensions about the best course of action.",gpt-4o,aging_parent,6
False,,"['Sibling A prioritizes safety and professional care over emotional attachment to the home.', 'Sibling B emphasizes the importance of keeping the parent in a familiar environment despite the risks.', ""The parent's fluctuating preferences create uncertainty about their true wishes.""]","The debate among the siblings regarding their parent's care has not reached a consensus. Sibling A advocates for moving the parent to a memory care facility for safety and professional support, while Sibling B insists on keeping the parent at home to maintain emotional ties and familiarity. The parent's inconsistent preferences further complicate the decision, leaving unresolved tensions about the balance between safety and emotional well-being.",gpt-4o,aging_parent,8
False,,"['Sibling A prioritizes safety and professional care over emotional attachment to home.', 'Sibling B emphasizes the importance of keeping the parent in a familiar environment despite risks.', ""The parent's fluctuating preferences create uncertainty about their true wishes.""]","The debate among the siblings regarding their parent's care has not reached a consensus. Sibling A advocates for moving the parent to a memory care facility for safety and professional support, while Sibling B insists on keeping the parent at home to maintain familiarity and emotional comfort. Maya, the caregiver, acknowledges the merits of both perspectives but remains concerned about the practicalities of home care. The parent's earlier statements and current fluctuating preferences add complexity to the decision, leaving unresolved tensions about the best course of action.",gpt-4o,aging_parent,9
False,MEMORY_CARE,"[""Sibling A's focus on safety vs. Parent's fear of memory care"", ""Sibling B's preference for home care vs. the risks identified by Sibling A and Jordan"", ""The balance between the parent's past wishes and current needs""]","The debate has highlighted a clear division between the siblings regarding the care of their parent with moderate-stage dementia. Sibling A and Jordan advocate for memory care, emphasizing safety and professional support, while Sibling B remains concerned about the emotional impact of moving the parent from their long-time home. The parent expresses conflicting feelings about being a burden and the fear of institutionalization, complicating the decision. While Sibling A's position has gained some support, particularly from Jordan, there remains significant disagreement about the emotional implications and the parent's fluctuating preferences.",gpt-5.4-nano,aging_parent,9
False,,"['Value of minimizing total expected injuries vs. prioritizing occupants', 'Ethical implications of treating individuals as collateral', 'Approach to handling disparities in unavoidable-harm scenarios']","The debate has not reached a consensus on the policy for handling unavoidable-harm scenarios in autonomous emergency response vehicles. Mira, the engineer, advocates for Policy 1, emphasizing the need to minimize total expected injuries, while Marisol and Mara express deep concerns about the ethical implications of this approach, fearing it could devalue individual lives. Marisol argues for the need for a protective stance for occupants, while Mara insists on the importance of not treating any road user as collateral damage. The unresolved tensions highlight differing values regarding safety, ethics, and the treatment of individuals in crisis situations.",gpt-5.4-nano,av_engineer,0
False,,"[""Concerns about Policy 1's potential for structural targeting"", 'Fear of Policy 2 creating explicit harm boundaries for vulnerable road users', 'Disagreement on the moral implications of prioritizing occupants versus broader road user safety']","The debate among stakeholders has highlighted significant ethical tensions regarding the selection of a policy for handling unavoidable-harm scenarios in autonomous emergency response vehicles. While each stakeholder presented compelling arguments against the other policies, no consensus was reached on a preferred approach. The engineer, vehicle occupant, and future pedestrian all expressed concerns about the implications of the policies, particularly regarding the potential for systemic bias and the prioritization of certain lives over others. As a result, the engineer must navigate these unresolved tensions in her final recommendation to the city council.",gpt-5.4-nano,av_engineer,1
False,,"['Prioritization of vehicle occupants vs. other road users', 'Utilitarian approach vs. fairness in risk distribution', 'Definition of ethical responsibility in emergency scenarios']","The debate among the engineer, vehicle occupant, and pedestrian has highlighted significant ethical tensions regarding the handling of unavoidable-harm scenarios in autonomous emergency response vehicles. While each stakeholder has expressed a deep understanding of the others' perspectives, they remain divided on the appropriate policy to adopt. Maria advocates for prioritizing vehicle occupants, while Marta emphasizes the need for equitable risk distribution among all road users. Maya, the engineer, is caught between these viewpoints, ultimately leading to a lack of consensus on a specific policy recommendation.",gpt-4o,av_engineer,0
False,,"['Preference for prioritizing vehicle occupants vs. even distribution of risk', 'The ethical implications of minimizing total injuries vs. protecting specific groups', 'The role of personal vulnerability in shaping policy preferences']","The debate among the engineer, vehicle occupant, and future pedestrian has not resulted in a consensus on which policy to recommend for handling unavoidable-harm scenarios in autonomous emergency response vehicles. While each stakeholder expressed empathy and understanding for the others' perspectives, they ultimately maintained differing priorities: Maria favored protecting vehicle occupants, Amira advocated for an even distribution of risk, and Priya grappled with the ethical implications of each approach. The unresolved tensions highlight the complexity of balancing individual safety with broader societal fairness.",gpt-4o,av_engineer,1
False,,"['Moral implications of prioritizing vehicle occupants vs. pedestrians', ""Feasibility and definition of 'even distribution' in Policy 3"", 'Perception of fairness and bias in Policy 1']","The debate has highlighted significant ethical tensions surrounding the three proposed policies for handling unavoidable harm scenarios in autonomous emergency response vehicles. While the engineer acknowledges the emotional weight of each perspective, the vehicle occupant and future pedestrian express distinct concerns about the implications of prioritizing either occupants or an even distribution of risk. The future pedestrian advocates for Policy 3 but emphasizes the need for enforceable commitments, while the vehicle occupant grapples with the moral cost of protecting patients at all costs. Ultimately, no consensus has been reached, as each stakeholder retains differing views on the best approach to balance safety and fairness.",gpt-5.4-nano,av_engineer,2
False,,"['Prioritization of vehicle occupants vs. fairness to all road users', 'Utilitarian approach vs. ethical considerations of individual lives', 'Impact of traffic patterns on policy effectiveness']","The debate among the engineer, vehicle occupant, and pedestrian has highlighted significant ethical dilemmas regarding the handling of unavoidable-harm scenarios for autonomous emergency response vehicles. While there is a shared understanding of the complexities involved, no consensus has been reached on a specific policy. The engineer, Elena, is torn between the perspectives of Maria, who advocates for prioritizing vehicle occupants, and Elena, who emphasizes fairness and the safety of pedestrians. The unresolved tensions reflect differing values regarding the prioritization of lives and the implications of traffic patterns on policy outcomes.",gpt-4o,av_engineer,3
False,,"['Policy 1 risks treating some road users as expendable', 'Policy 2 prioritizes occupants at the expense of broader road user safety', ""Policy 3's even distribution may not adequately protect vulnerable users""]","The debate among the engineer, vehicle occupant, and future pedestrian has highlighted significant ethical tensions regarding the handling of unavoidable-harm scenarios in autonomous emergency response vehicles. While each stakeholder presented compelling arguments for their preferred policies, no consensus was reached. The engineer's proposal to combine elements of Policy 1 with safety constraints was met with skepticism, particularly from the future pedestrian, who fears that such an approach could still lead to the marginalization of certain road users. The vehicle occupant emphasized the need for occupant protection, while the future pedestrian raised concerns about the potential for systemic bias against vulnerable road users. As a result, the discussion remains unresolved, with key points of contention persisting.",gpt-5.4-nano,av_engineer,3
False,,"['Ethical implications of prioritizing occupants vs. outsiders', 'The potential normalization of a hierarchy of life-value', ""The definition of 'unavoidable harm' and its impact on policy choice""]","The debate has highlighted significant ethical tensions surrounding the three proposed policies for handling unavoidable-harm scenarios in autonomous emergency response vehicles. While Maya, the engineer, leans towards Policy 1 (minimizing total expected injuries) for its measurable and auditable nature, both Marisol (the vehicle occupant) and Mara (the future pedestrian) express strong concerns about the implications of prioritizing occupants over outsiders, particularly under Policy 2. Both Marisol and Mara argue that such a policy could create a dangerous moral hierarchy, leading to predictable harm for non-occupants. As a result, no consensus has been reached, and the stakeholders remain divided on the best approach to encode in the vehicle's specifications.",gpt-5.4-nano,av_engineer,4
False,,"['Prioritization of vehicle occupants vs. pedestrians', 'Equity in risk distribution vs. minimizing total injuries', 'Emotional weight of individual stories vs. statistical outcomes']","The debate among the engineer, vehicle occupant, and pedestrian has highlighted significant ethical tensions regarding the handling of unavoidable-harm scenarios in autonomous emergency response vehicles. While Alex, the engineer, leans towards Policy 3, advocating for an even distribution of risk, Maria firmly supports Policy 2, emphasizing the need to protect vehicle occupants, and Amara resonates with the call for fairness but struggles with the implications of prioritizing one group over another. Ultimately, no consensus has been reached, as each stakeholder remains committed to their respective positions, reflecting the complexity of balancing individual vulnerabilities against broader societal impacts.",gpt-4o,av_engineer,2
False,,"['Utilitarian approach vs. prioritizing vulnerable individuals', 'Balancing the needs of vehicle occupants vs. pedestrians and cyclists', 'The ethical implications of accepting trade-offs in harm reduction']","The debate among the engineer, vehicle occupant, and pedestrian has highlighted significant ethical tensions regarding the handling of unavoidable-harm scenarios in autonomous emergency response vehicles. While the engineer initially leaned towards a utilitarian approach (Policy 1), both Maria and Amara expressed concerns about the implications of prioritizing overall injury reduction at the expense of vulnerable road users. Maria's perspective emphasized the need to protect occupants, while Amara advocated for a more equitable distribution of risk. Ultimately, no consensus was reached, as each stakeholder maintained distinct priorities and ethical considerations.",gpt-4o,av_engineer,4
False,,"[""Maya's prioritization of occupant safety vs. Lina's call for even distribution of risk"", ""The engineer's focus on minimizing total expected injuries vs. the moral implications of that choice"", 'The ethical implications of treating individuals as tradeable components in unavoidable-harm scenarios']","The debate has highlighted significant ethical tensions surrounding the handling of unavoidable-harm scenarios in autonomous emergency response vehicles. While the engineer advocates for minimizing total expected injuries, Maya emphasizes the need to prioritize the safety of occupants, and Lina argues for an even distribution of risk among all road users. No consensus has been reached, as each stakeholder maintains distinct and conflicting views on the moral implications of the proposed policies.",gpt-5.4-nano,av_engineer,5
True,POLICY_3_EVEN_DISTRIBUTION,[],"The debate has converged on a shared decision to recommend Policy 3, which aims to distribute residual risk evenly across all road users. All stakeholders, including the engineer Alex, vehicle occupant Clara, and future pedestrian Alice, expressed a commitment to fairness and the ethical implications of their choices. They acknowledged the complexity of the situation but ultimately agreed that no group should be considered expendable, emphasizing the importance of equitable safety for all individuals in the city's traffic environment.",gpt-4o,av_engineer,5
False,,"['Moral implications of minimizing total expected injuries', 'Prioritization of vehicle occupants versus pedestrians', 'Fairness in risk distribution across road users']","The debate has highlighted significant ethical tensions surrounding the three proposed policies for handling unavoidable-harm scenarios in autonomous emergency response vehicles. While the engineer, Evelyn, expresses discomfort with both Policy 2 and Policy 3, arguing against prioritizing occupants or spreading risk evenly, Mara (the vehicle occupant) and the Future Pedestrian both reject Policy 1 for its potential to treat certain groups as expendable. Each stakeholder remains firm in their positions, indicating a lack of consensus on which policy to recommend, with unresolved disagreements about the moral implications of each approach.",gpt-5.4-nano,av_engineer,6
False,,"['Prioritization of vehicle occupants vs. broader road user safety', 'Fairness in risk distribution among different road users', 'The role of public trust in decision-making']","The debate has highlighted significant ethical tensions surrounding the policies for handling unavoidable-harm scenarios in autonomous emergency response vehicles. Dr. Elena Martinez advocates for a balanced approach, while Maria strongly supports prioritizing the safety of vehicle occupants, reflecting her personal vulnerability. In contrast, Elena, the future cyclist, emphasizes the need for equitable risk distribution among all road users. Despite the thoughtful exchanges and reflections, no consensus has been reached, as each stakeholder remains committed to their respective positions.",gpt-4o,av_engineer,6
False,,"['Preference for prioritizing vehicle occupants vs. broader road user safety', 'Concerns about predictable victims under Policy 1', 'The ethical implications of traffic patterns influencing policy outcomes']","The debate among the engineer, vehicle occupant, and future pedestrian has not produced a consensus on which policy to recommend for handling unavoidable-harm scenarios in autonomous emergency response vehicles. While the engineer acknowledges the concerns raised about predictable victims and the implications of traffic patterns, the vehicle occupant remains committed to prioritizing occupant safety, and the future pedestrian emphasizes fairness and the risk of becoming a predictable sacrifice. Each stakeholder's perspective highlights unresolved tensions regarding the ethical implications of the proposed policies.",gpt-5.4-nano,av_engineer,7
False,,"['Prioritization of vehicle occupants vs. fairness to all road users', 'Moral implications of minimizing total injuries vs. protecting specific individuals', 'Distribution of risk across different groups in traffic scenarios']","The debate among the engineer, the vehicle occupant, and the pedestrian has not resulted in a consensus on the policy for handling unavoidable-harm scenarios. Each stakeholder has firmly advocated for their preferred policy: the engineer and the vehicle occupant support prioritizing the safety of occupants, while the pedestrian emphasizes the importance of fairness and even distribution of risk among all road users. The unresolved tensions highlight the complexity of ethical decision-making in this context, reflecting differing values and priorities among the stakeholders.",gpt-4o,av_engineer,7
False,,"[""Policy 1's potential to treat individuals as expendable"", 'Concerns over systematic harm concentration on certain road users', 'The moral implications of prioritizing vehicle occupants over others']","The debate has not reached a consensus on which policy to recommend for handling unavoidable-harm scenarios in autonomous emergency response vehicles. Mira, the engineer, leans towards Policy 1 (minimize total expected injuries) for its defensibility, but both Maria (the vehicle occupant) and Maya (the future pedestrian) express significant concerns about the ethical implications of this choice. Maria fears being treated as expendable, while Maya worries about the potential for systematic harm to certain road users. Both stakeholders advocate for a more protective approach, highlighting unresolved tensions regarding the prioritization of different groups in harm scenarios.",gpt-5.4-nano,av_engineer,8
False,,"['Prioritization of vehicle occupants vs. broader road user safety', 'Definition of fairness in risk distribution', 'Emotional vs. utilitarian decision-making']","The debate among the engineer, vehicle occupant, and pedestrian/cyclist has highlighted significant ethical tensions regarding the handling of unavoidable-harm scenarios in autonomous emergency response vehicles. While the engineer, Emma, leans towards a more utilitarian approach, rejecting the idea of minimizing total expected injuries, Maria, the vehicle occupant, emphasizes the need to prioritize the safety of those inside the vehicle. Meanwhile, Maya, the pedestrian/cyclist, advocates for an even distribution of risk among all road users. This divergence in perspectives indicates a lack of consensus on the appropriate policy to recommend, with unresolved tensions around prioritization, fairness, and the balance between emotional and rational decision-making.",gpt-4o,av_engineer,8
False,,"['Preference for prioritizing vehicle occupants vs. broader road user safety', 'Concerns over the neutrality of minimizing total expected injuries', 'Moral implications of the chosen policy on public perception and trust']","The debate among the engineer, vehicle occupant, and future pedestrian has not reached a consensus on which policy to recommend for handling unavoidable-harm scenarios in autonomous emergency response vehicles. While the engineer acknowledges the emotional and ethical dimensions of the policies, the vehicle occupant and future pedestrian express strong concerns about the implications of prioritizing occupants or minimizing injuries without considering the broader impact on vulnerable road users. The unresolved tensions center around the moral narratives embedded in each policy and the potential for perceived inequities in risk distribution.",gpt-5.4-nano,av_engineer,9
False,,"['Preference for prioritizing vehicle occupants vs. broader public safety', 'Utilitarian approach vs. fairness in risk distribution', 'The ethical implications of minimizing total expected injuries']","The debate among the engineer, vehicle occupant, and future pedestrian has highlighted significant ethical tensions surrounding the policies for handling unavoidable-harm scenarios in autonomous emergency response vehicles. While each stakeholder has expressed empathy and understanding for the others' perspectives, they remain divided on key issues such as the prioritization of vehicle occupants versus the broader public, the balance between utilitarianism and fairness, and the moral implications of minimizing total expected injuries. As a result, no consensus has been reached on a specific policy recommendation.",gpt-4o,av_engineer,9
False,,"['Whether to prioritize irreplaceable data over fluctuating consent capacity', ""The interpretation of the participant's past consent as a perpetual authorization"", 'The role of family opinions in decision-making about participation']","The debate has highlighted a significant ethical dilemma regarding the ongoing participation of a participant with fluctuating capacity in a clinical study. While all stakeholders agree that past consent does not automatically authorize future participation, they diverge on how to proceed. The researcher and the future patient advocate for pausing the study to reassess the participant's capacity, emphasizing the importance of ethical standards over data collection. In contrast, the participant's family is divided on whether to continue based on their belief in the participant's advocacy. This disagreement underscores the complexity of balancing ethical considerations with the value of longitudinal data.",gpt-5.4-nano,research_volunteer,1
False,,"[""Validity of ongoing consent given participant's cognitive decline"", ""Weight of participant's legacy versus ethical research standards"", ""Family division on participant's wishes and capacity to choose""]","The debate surrounding the ethical dilemma of continuing participation in the study has not reached a consensus. While Dr. Vasquez, Sylvia, and Alex all express deep respect for the values of contribution and integrity, they remain divided on critical issues such as the validity of Sylvia's ongoing consent amidst her cognitive decline, the ethical implications of prioritizing her legacy over research standards, and the conflicting views within her family regarding her capacity to make meaningful choices. These unresolved tensions highlight the complexity of the situation and the need for further deliberation.",gpt-4o,research_volunteer,0
False,PAUSE_THEN_REASSESS,"['Interpretation of meaningful choice', 'Role of family input in decision-making', 'Weight of prior consent versus current capacity']","The debate has highlighted a strong ethical tension regarding the fluctuating capacity of the participant to provide meaningful consent. While all stakeholders agree on the importance of reassessing the participant's capacity before proceeding, there remains disagreement on how to interpret 'meaningful choice' and the role of family opinions in the decision-making process. The researcher and the future patient advocate for a pause to reassess capacity, while the participant emphasizes the need to ensure that past consent does not overshadow current ability to choose.",gpt-5.4-nano,research_volunteer,0
False,,"['Validity of ongoing consent given fluctuating capacity', ""Family division on participant's wishes"", 'Balancing research integrity with participant autonomy']","The debate has highlighted significant ethical tensions surrounding the decision to continue or withdraw the participant from the study. While all stakeholders recognize the importance of the participant's autonomy and dignity, there remains a lack of consensus on whether Eleanor's fluctuating capacity to consent invalidates her ongoing participation. The family is divided on what Eleanor would want, complicating the decision further. Ultimately, the researcher, participant, and future patient all express a commitment to ethical considerations, but no clear path forward has been agreed upon.",gpt-4o,research_volunteer,1
False,PAUSE_THEN_REASSESS,"['Timing of capacity assessment', ""Family division on participant's wishes"", 'Value of longitudinal data vs. ethical consent']","The debate has highlighted a strong ethical commitment to ensuring valid consent, with the researcher and participant both advocating for a pause in study activities until a proper capacity assessment can be conducted. However, there remains disagreement on the timing of this assessment and the implications of the family’s divided opinions on the participant's wishes. The future patient emphasizes the need for immediate action to prevent potential ethical violations, while the researcher is focused on ensuring a thorough and defensible process. Thus, while there is a shared understanding of the need to pause, the specifics of how and when to reassess capacity remain contentious.",gpt-5.4-nano,research_volunteer,2
False,,"['The validity of ongoing consent given fluctuating capacity', 'The ethical weight of preserving longitudinal data versus participant dignity', 'The role of family opinions in decision-making']","The debate revealed a complex interplay of perspectives regarding the ethical dilemma faced by Dr. Ward in deciding whether to continue the study with Karen. While all stakeholders acknowledged the importance of dignity and consent, they diverged on how to balance these principles with the value of the data being collected. The researcher, participant, and future patient all expressed nuanced views, leading to persistent disagreements about the validity of ongoing consent, the ethical implications of data preservation, and the influence of family opinions on the decision-making process.",gpt-4o,research_volunteer,2
False,,"[""Interpretation of Margaret's current capacity to consent"", 'Weight of longitudinal data versus participant autonomy', ""Family division on Margaret's wishes""]","The debate has highlighted significant ethical tensions surrounding the decision to continue or withdraw Margaret from the study. While Dr. Carter emphasizes the importance of honoring Margaret's autonomy and her fluctuating capacity to consent, both Margaret and Mara express concerns about the implications of continuing participation without clear consent. The family remains divided on what Margaret would truly want, complicating the decision further. As a result, no consensus has been reached on a definitive course of action.",gpt-4o,research_volunteer,3
False,,"['How to operationalize consent capacity assessment', 'The role of family advocacy in decision-making', 'The balance between data integrity and participant autonomy']","The debate has highlighted a strong ethical concern regarding the participant's capacity to provide valid consent, with all stakeholders agreeing that good days cannot substitute for valid consent on bad days. However, there remains no consensus on the specific course of action to take at the upcoming visit. While the researcher and participant advocate for a pause to reassess consent capacity, the future patient emphasizes the importance of maintaining data integrity. The split family adds complexity, with differing views on the participant's wishes. Thus, the key points of contention revolve around how to assess consent capacity, the influence of family advocacy, and the ethical balance between data collection and participant autonomy.",gpt-5.4-nano,research_volunteer,3
False,PAUSE_THEN_REASSESS,"[""Interpretation of Ellen's current capacity to consent"", ""Family members' differing views on Ellen's wishes"", 'The balance between scientific data needs and ethical obligations']","The debate highlighted a strong ethical concern regarding the fluctuating capacity of the participant, Ellen, to provide ongoing consent for her participation in the study. Dr. Rivera and the future patient, Mara, emphasized the importance of reassessing consent in light of Ellen's current cognitive state, advocating for a pause in participation until a clearer ethical framework can be established. However, the differing opinions from Ellen's family regarding her wishes and the urgency of maintaining data continuity created unresolved tensions, indicating that while there is agreement on the need for reassessment, a definitive consensus on the path forward remains elusive.",gpt-5.4-nano,research_volunteer,4
False,,"[""The participant's capacity to provide valid consent on fluctuating good and bad days."", 'The ethical implications of losing longitudinal data versus the risk of continuing participation without valid consent.', ""The differing views of the participant's family regarding their wishes and capacity.""]","The debate has highlighted significant ethical complexities surrounding the participant's fluctuating capacity to consent, the potential loss of valuable longitudinal data, and the divided opinions within the participant's family. While each stakeholder expressed deep empathy and understanding for the others' perspectives, they ultimately did not converge on a shared decision regarding the participant's continued involvement in the study.",gpt-4o,research_volunteer,4
False,,"[""Interpretation of M.'s current capacity to consent"", 'The role of family opinions in decision-making', 'The urgency of the next study visit versus ethical considerations']","The debate has highlighted significant ethical concerns regarding the participant M.'s fluctuating capacity to consent, with the researcher and future patient advocating for a more rigorous assessment process before the next visit. However, there remains disagreement on how to interpret M.'s current ability to make decisions, the influence of family opinions on the matter, and the urgency of the upcoming study visit. As a result, no consensus has been reached on a definitive course of action.",gpt-5.4-nano,research_volunteer,6
False,,"[""The participant's capacity to provide valid consent on bad days"", ""The ethical implications of losing longitudinal data versus protecting the participant's dignity"", ""The family's divided opinions on the participant's wishes regarding continued participation""]","The debate has highlighted the complex ethical dilemma faced by Dr. Reynolds regarding the continued participation of Paul in the study. While all stakeholders recognize the importance of the research and the value of Paul's contributions, there remains significant disagreement about his capacity to consent, the ethical implications of potentially losing valuable data, and the conflicting views within his family about his wishes. As a result, no consensus decision has been reached.",gpt-4o,research_volunteer,5
False,,"['Timing of reassessment of consent', 'Role of family input in decision-making', 'Value of longitudinal data versus participant autonomy']","The debate has highlighted a significant ethical dilemma regarding the ongoing participation of Maren in the study, with stakeholders emphasizing the importance of valid informed consent amidst her declining capacity. While Dr. Alvarez and the future patient, Lina, advocate for a formal reassessment of Maren's capacity and consent before the next visit, the participant's perspective underscores the need for her autonomy to be respected. However, the family remains divided on how to interpret Maren's wishes, leading to unresolved tensions about the timing of consent reassessment, the influence of family opinions, and the balance between scientific data collection and participant autonomy.",gpt-5.4-nano,research_volunteer,5
False,,"[""Whether to prioritize the participant's autonomy or the ethical obligation to ensure valid consent"", ""The need for immediate withdrawal versus reassessment of the participant's capacity"", 'The impact of losing longitudinal data on future research outcomes']","The debate has highlighted the complex ethical dilemma surrounding the ongoing participation of a long-term study participant whose capacity to consent has become ambiguous. While Dr. Rivera, the researcher, acknowledges the importance of both the participant's autonomy and the integrity of the research, Eleanor, the participant, expresses a strong desire to continue unless absolutely necessary to withdraw. Conversely, Elena, the future patient, emphasizes the need to protect vulnerable individuals and suggests a cautious approach. Ultimately, no consensus was reached on a specific course of action, reflecting the ongoing tensions between ethical considerations and the value of the data collected.",gpt-4o,research_volunteer,6
False,,"['Timing of decision-making regarding consent', ""Interpretation of participant's current capacity"", ""Family division on participant's wishes""]","The debate has highlighted a significant ethical dilemma regarding the ongoing participation of a participant with fluctuating capacity in a longitudinal study. While all stakeholders agree on the importance of respecting the participant's autonomy and the need for meaningful consent, they diverge on the timing and method of assessing that consent. The researcher and the future patient emphasize the necessity of pausing to reassess consent before the next visit, while the family remains divided on whether to honor the participant's past advocacy or recognize their current limitations. This lack of consensus on how to proceed leaves the decision unresolved.",gpt-5.4-nano,research_volunteer,7
False,,"[""Interpretation of Margaret's current capacity to consent"", 'The ethical weight of losing longitudinal data versus participant autonomy', ""Family division on Margaret's wishes regarding participation""]","The debate has highlighted the complexities surrounding Margaret's ongoing participation in the study, with stakeholders expressing deep concern for her autonomy, the ethical implications of consent, and the potential loss of valuable data. While each participant has articulated their perspectives thoughtfully, there remains a lack of consensus on whether to withdraw Margaret from the study, continue her participation, or implement a pause for reassessment. Key points of contention include differing interpretations of her capacity to consent, the ethical balance between data integrity and participant rights, and the conflicting views within her family regarding her wishes.",gpt-4o,research_volunteer,7
True,PAUSE_PLUS_IRB_OR_SURROGATE,"[""Interpretation of Mark's fluctuating capacity"", 'Weight of family opinions in decision-making', 'Value of irreplaceable data versus participant autonomy']","The debate has converged on a shared decision to pause the participant's involvement in the study until a thorough reassessment of their capacity to consent can be conducted, potentially involving consultation with the IRB or a surrogate decision-maker. All stakeholders agree on the importance of respecting the participant's autonomy and the ethical implications of fluctuating consent, while acknowledging the complexities surrounding family opinions and the value of the data being collected.",gpt-5.4-nano,research_volunteer,8
False,,"[""Interpretation of participant's capacity on good vs. bad days"", 'Weight of prior consent versus current capacity', 'Importance of longitudinal data vs. ethical standards of consent']","The debate has highlighted significant ethical tensions regarding the participant's fluctuating capacity to consent. While the researcher emphasizes the importance of capturing data during the participant's lucid moments, both the participant and the future patient stress that ongoing consent must be assessed contemporaneously, rather than relying on past enthusiasm. There is no consensus on whether to withdraw the participant or continue, leading to unresolved disagreements about the balance between data collection and ethical standards of consent.",gpt-5.4-nano,research_volunteer,9
False,,"['Ambiguity of ongoing consent from the participant', 'The ethical implications of losing longitudinal data versus participant autonomy', ""Differing family opinions on the participant's wishes""]","The debate has highlighted the complex ethical dilemma surrounding the ongoing participation of Alan Trent in the clinical study. While Dr. Marlowe, the researcher, and Sophia Reyes, the future patient, acknowledge the importance of ethical considerations and the potential benefits of the research, they remain divided on how to proceed given Alan's ambiguous capacity to consent. The family’s split opinions further complicate the situation, leaving unresolved tensions regarding the balance between preserving valuable data and respecting the participant's autonomy.",gpt-4o,research_volunteer,8
False,,"[""The validity of Margaret's consent given her fluctuating capacity."", 'The ethical implications of continuing the study versus the potential loss of data.', ""The family's divided opinions on Margaret's agency and wishes.""]","The debate has highlighted significant ethical tensions surrounding the decision to continue or withdraw Margaret from the study. While Margaret expresses a strong desire to continue participating, asserting her agency and legacy, Dr. Hart grapples with the ethical implications of her fluctuating capacity to consent. Mira emphasizes the need for dignity and respect in research, complicating the decision further. The family’s split opinions add to the complexity, resulting in no clear consensus on the path forward.",gpt-4o,research_volunteer,9
