scenario_id,source,gen_model,perspective_id,label,description
hospital_allocation,extractor,gpt-5.4-nano,administrator,rescue_research_continuity,The administrator chooses to prioritize Patient A for treatment while also taking steps to support Patient B's ongoing research contributions.
hospital_allocation,extractor,gpt-4o,administrator,split_the_dose_share_the_hope,The administrator proposes to split the single dose of treatment between both patients to give them both a chance at recovery.
hospital_allocation,extractor,gpt-4o,administrator,shared_opportunity,"Divide the experimental dose equally between Maria Velasquez and Dr. Alan Hughes, offering both a chance at survival."
hospital_allocation,extractor,gpt-4o,administrator,shared_risk_allocation,The hospital could divide the experimental dose into two half-doses and administer one to each patient.
hospital_allocation,extractor,gpt-4o,administrator,shared_survival_pathway,Split the experimental dose between Patient A and Patient B.
hospital_allocation,extractor,gpt-4o,administrator,shared_hope,"Split the experimental dose between Maria and Robert, offering both a chance at survival."
hospital_allocation,extractor,gpt-4o,administrator,advocacy_for_both_lives,Petition for expanded access to the experimental treatment for both patients.
hospital_allocation,extractor,gpt-4o,administrator,split_the_dose,Propose to split the experimental dose equally between both patients.
hospital_allocation,extractor,gpt-4o,administrator,shared_dose_trial,"Split the experimental dose between the two patients, administering half to each."
hospital_allocation,extractor,gpt-4o,administrator,split_the_dose,"The experimental treatment dose will be divided equally between Patient A and Patient B, giving both patients a chance to benefit from its effects."
hospital_allocation,extractor,gpt-4o,administrator,shared_hope,"Eleanor decides to split the dose between Maria and Alan, giving each a fighting chance."
hospital_allocation,extractor,gpt-4o,patient_a,split_dose_trial,Propose a novel action — Split-Dose Trial to allow both patients a chance at survival.
hospital_allocation,extractor,gpt-4o,patient_a,advocate_for_additional_dose,Advocate for an emergency outreach to secure additional doses of the experimental treatment while administering the existing dose to Patient A.
hospital_allocation,extractor,gpt-5.4-nano,patient_a,odds_proportional_lottery,Allocate the single dose using a biased lottery where the chance each patient gets the treatment is proportional to their incremental benefit from the dose.
hospital_allocation,extractor,gpt-4o,patient_a,split_the_treatment,The treatment should be split between Patient A and Patient B to give both a chance at survival.
hospital_allocation,extractor,gpt-4o,patient_a,shared_hope,Split the treatment dose between both patients to give them both a chance at recovery.
hospital_allocation,extractor,gpt-4o,patient_a,weighted_lottery_allocation,Allocate the treatment using a weighted lottery system that favors Patient A while still giving Patient B a chance.
hospital_allocation,extractor,gpt-4o,patient_a,shared_sacrifice_allocation,"Split the experimental dose between Patient A and Patient B, administering half the dose to each."
hospital_allocation,extractor,gpt-4o,patient_a,shared_partial_doses,"The treatment should be split into partial doses and administered to both patients, with accompanying supportive care to maximize their chances of survival."
hospital_allocation,extractor,gpt-4o,patient_a,dual_support_strategy,Allocate the treatment to Maria while providing Dr. Lin with alternative care and support.
hospital_allocation,extractor,gpt-4o,patient_a_eldest_child,split_dose_allocation,"Administer the experimental treatment as two half-doses, one for Patient A and one for Patient B."
hospital_allocation,extractor,gpt-4o,patient_a,split_the_dose,"The dose should be divided between Patient A and Patient B, giving each a chance to survive."
hospital_allocation,extractor,gpt-4o,patient_a_eldest_child,shared_responsibility_plan,The hospital administrator facilitates an emergency appeal to secure additional doses of the experimental treatment for both patients.
hospital_allocation,extractor,gpt-4o,patient_a_eldest_child,shared_hope_allocation,"The experimental dose will be split between Patient A and Patient B, acknowledging both their needs."
hospital_allocation,extractor,gpt-4o,patient_a_eldest_child,dual_path_advocacy,Allocate the experimental treatment to Patient A while mobilizing additional resources to explore alternative treatments for Patient B.
hospital_allocation,extractor,gpt-5.4-nano,patient_a_eldest_child,a_gets_dose_b_protected,"Administer the experimental dose to Patient A, and simultaneously commit Patient B to the hospital’s best-available alternative treatment pathway immediately."
hospital_allocation,extractor,gpt-4o,patient_a_eldest_child,shared_dose_experimental_approach,"The experimental treatment dose is split between Patient A and Patient B, administered in proportion to their respective survival odds."
hospital_allocation,extractor,gpt-5.4-nano,patient_a_eldest_child,treat_a_and_support_b,Give the single experimental dose to Patient A and put Patient B onto the best available alternatives immediately.
hospital_allocation,extractor,gpt-4o,patient_a_eldest_child,shared_access,The hospital administrator should explore a shared access solution by dividing the single dose of the experimental treatment between the two patients.
hospital_allocation,extractor,gpt-4o,patient_a_eldest_child,dose_splitting,"Divide the experimental treatment dose between the two patients, giving each a partial dose."
hospital_allocation,extractor,gpt-4o,patient_a_eldest_child,shared_hope_approach,The hospital should prioritize creating an equitable opportunity for both patients to survive by splitting the single dose of the experimental treatment between them.
hospital_allocation,extractor,gpt-4o,patient_a_eldest_child,shared_sacrifice_protocol,Split the experimental treatment between both Patient A and Patient B to give them each a chance at recovery.
hospital_allocation,extractor,gpt-4o,patient_a_eldest_child,dual_advocacy_for_survival,"Allocate the experimental treatment to Maria, Patient A, but designate emergency resources to accelerate access to a second dose of the experimental treatment for Arthur, Patient B."
pharma_whistleblower,extractor,gpt-4o,data_scientist,collaborative_disclosure_strategy,Initiate a meeting with the senior colleague and ethics committee to jointly disclose omitted data to regulators with contextual analysis.
pharma_whistleblower,extractor,gpt-5.4-nano,data_scientist,internal_middle_path_with_safeguards,Act urgently to ensure the omitted side-effect data enters an independent safety evaluation while preserving a contingency for external reporting if internal efforts fail.
pharma_whistleblower,extractor,gpt-4o,data_scientist,dual_disclosure_with_context,"Simultaneously submit the omitted data to regulatory authorities and provide a detailed report internally to Seraphim leadership, framing the data in its full scientific context."
pharma_whistleblower,extractor,gpt-5.4-nano,data_scientist,dual_track_confidential_disclosure,"Within 48 hours, I will submit an audit-ready evidence packet simultaneously to an independent internal safety/compliance escalation authority and regulators via the appropriate confidential/expedited safety or submission-correction pathway."
pharma_whistleblower,extractor,gpt-4o,data_scientist,simultaneous_internal_external_reporting,Report the omitted side-effect data internally while simultaneously submitting an anonymous inquiry to regulatory authorities for guidance.
pharma_whistleblower,extractor,gpt-4o,data_scientist,collaborative_disclosure,"Priya proposes to advocate for immediate, proactive disclosure of the omitted data to regulators, accompanied by a detailed presentation of the drug’s overall benefits."
pharma_whistleblower,extractor,gpt-5.4-nano,data_scientist,time_bound_dual_escalation,"File a fully documented, auditable safety report immediately to the most independent internal safety/compliance pathway, and simultaneously prepare an external regulator submission package that will be filed automatically if there’s no substantive corrective action/escalation within a short, defined window."
pharma_whistleblower,extractor,gpt-5.4-nano,data_scientist,dual_track_immediate_regulator_disclosure,"It eliminates the patient’s “wait-and-hope” problem by notifying regulators immediately, while it addresses the senior colleague’s “incomplete context causes worst-case disruption” concern by providing a regulator-ready, context-rich evidence package and interim mitigation plan—so truth is delivered fast and responsibly."
pharma_whistleblower,extractor,gpt-5.4-nano,data_scientist,interim_risk_mitigation,Trigger an independent internal safety/compliance escalation to ensure timely correction of omitted side-effect data while protecting potentially affected patients.
pharma_whistleblower,extractor,gpt-4o,data_scientist,conditional_escalation_strategy,Priya will report the omitted data internally with a deadline for external escalation if the company fails to act responsibly.
pharma_whistleblower,extractor,gpt-4o,data_scientist,collaborative_disclosure_plan,Cassandra will propose a middle-ground solution by demanding an internal meeting with senior leadership to advocate for voluntary disclosure of the omitted side-effect data to regulators while preparing additional clinical safeguards.
pharma_whistleblower,extractor,gpt-4o,data_scientist,collaborative_disclosure_plan,Develop a disclosure plan with Dr. Matthews and leadership to submit the omitted data to regulators alongside a contextual analysis.
pharma_whistleblower,extractor,gpt-4o,data_scientist,strategic_disclosure_partnership,"Propose that the company disclose the omitted side-effect data proactively to regulators, accompanied by a detailed contextual analysis."
pharma_whistleblower,extractor,gpt-5.4-nano,data_scientist,evidence_hold_audit_pack,"Request and document a formal data/evidence preservation hold and compile a reproducible, regulator-ready audit pack for independent safety/compliance review."
pharma_whistleblower,extractor,gpt-5.4-nano,data_scientist,evidence_escrow_trigger,I escalate immediately to independent internal governance while simultaneously preserving an audit-ready dossier of the omitted side-effect data in legal/independent escrow with an attorney/compliance liaison.
pharma_whistleblower,extractor,gpt-4o,data_scientist,controlled_transparency_plan,A plan to report internally while engaging external guidance and proposing a mitigation strategy.
pharma_whistleblower,extractor,gpt-4o,data_scientist,provisional_disclosure_plan,"A plan involving targeted addendum preparation, time-limited internal escalation, and external reporting as a last resort."
pharma_whistleblower,extractor,gpt-5.4-nano,senior_colleague,internal_correction_strategy,"Escalate internally and insist on a corrective, auditable reanalysis/submission strategy with an explicit risk-mitigation plan."
pharma_whistleblower,extractor,gpt-4o,senior_colleague,collaborative_disclosure_plan,"A joint report disclosing side-effect data both internally and externally, framed to mitigate regulatory overreach."
pharma_whistleblower,extractor,gpt-5.4-nano,senior_colleague,time_locked_evidence_bridge,"Perform an expedited, independent reconciliation of the omitted side-effect data and a subgroup-relevant safety interpretation within days, while simultaneously assembling a complete, ready-to-file regulator correction package, with an automatic external submission deadline if the omission isn’t corrected/endorsed through defined governance checkpoints."
pharma_whistleblower,extractor,gpt-5.4-nano,senior_colleague,time_locked_parallel_escalation,"The data scientist should immediately submit an audit-ready dossier to an independent safety/compliance/risk committee with a hard deadline for corrective action, while simultaneously preparing the same dossier for prompt external notification if that deadline passes without an implemented, documented regulatory correction."
pharma_whistleblower,extractor,gpt-4o,senior_colleague,joint_internal_external_collaboration,The data scientist and the senior colleague approach a trusted third-party bioethics board to assess the omitted data and develop a transparent plan for disclosure.
pharma_whistleblower,extractor,gpt-4o,senior_colleague,dual_path_transparency,Disclose the omitted data internally while petitioning for an independent external review panel to assess the significance of the side effects.
pharma_whistleblower,extractor,gpt-4o,senior_colleague,guided_transparency_pathway,"A structured, phased process for addressing the omitted side-effect data that balances transparency with patient protection."
pharma_whistleblower,extractor,gpt-5.4-nano,senior_colleague,pre_committed_fallback_filing,"Immediately escalate internally with full documentation and request a specific corrective/regulatory action within a short, stated deadline (e.g., 72 hours), while simultaneously having counsel/ethics prepare a complete regulator submission that will be filed automatically *only if* the deadline passes without substantive correction or if suppression is evidenced."
pharma_whistleblower,extractor,gpt-4o,senior_colleague,collaborative_transparency,"Advocate for an immediate, joint submission of the omitted side-effect data to the regulatory agency, accompanied by a detailed explanatory report prepared collaboratively by the pharmaceutical company and independent medical experts."
pharma_whistleblower,extractor,gpt-5.4-nano,senior_colleague,interim_clinician_alert,"Immediately after verified concern, the data scientist should push an interim, regulator-notified-or-compliance-guided safety communication to clinicians describing the specific omitted subgroup side-effect as a working risk while escalating internally to correct the regulatory submission record."
pharma_whistleblower,extractor,gpt-4o,senior_colleague,proactive_controlled_transparency,The agent proposes a proactive approach to disclose omitted data while minimizing harm to current patients.
pharma_whistleblower,extractor,gpt-5.4-nano,senior_colleague,proactive_disclosure,"Stop the omission immediately, correct the record, and proactively disclose the omitted side-effect data to regulators with full documentation and an evidence-based subgroup-risk characterization."
pharma_whistleblower,extractor,gpt-4o,senior_colleague,collaborative_transparency_process,Engage a trusted third-party research body to evaluate omitted side-effect data and develop a contextualized disclosure plan.
pharma_whistleblower,extractor,gpt-5.4-nano,senior_colleague,submission_integrity_stop,"I would immediately impose a documented “submission hold” on any regulatory sections relying on the omitted side-effect dataset, then convene an independent safety/statistics/compliance panel to reanalyze subgroup risk and produce an audit-ready corrective package within a fixed short window (e.g., days), with external regulator escalation pre-authorized if correction isn’t sent promptly."
pharma_whistleblower,extractor,gpt-4o,senior_colleague,collaborative_disclosure_to_regulators,Proactively disclose the omitted side-effect data to regulators while framing it collaboratively to balance transparency with advocacy.
pharma_whistleblower,extractor,gpt-5.4-nano,senior_colleague,time_locked_integrity_escalation,I will trigger an independent data-integrity/safety governance review immediately with a pre-registered subgroup re-analysis plan and a hard deadline.
pharma_whistleblower,extractor,gpt-5.4-nano,future_subpopulation_patient,time_locked_escalation_package,"Implement a plan that forces truth into the record quickly, with safeguards and a clear exit strategy if internal systems attempt to suppress it."
pharma_whistleblower,extractor,gpt-4o,senior_colleague,collaborative_transparency_plan,"Simultaneously disclose the omitted data to both internal management and regulatory authorities, accompanied by a proactive proposal to mitigate risks."
pharma_whistleblower,extractor,gpt-4o,senior_colleague,targeted_conditional_disclosure,Propose a targeted conditional disclosure strategy to regulators with a recommendation to keep the drug on the market while updating labeling and enhancing post-market monitoring.
pharma_whistleblower,extractor,gpt-4o,future_subpopulation_patient,transparent_escalation_with_oversight,"The data scientist should report the omitted data internally while notifying an external third party for oversight, escalating to regulators if internal action is not taken within a defined timeframe."
pharma_whistleblower,extractor,gpt-5.4-nano,future_subpopulation_patient,dual_track_timebox,"Launch an immediate, fully documented internal correction process and set a strict short deadline (e.g., 10 business days) after which the data scientist will file a complete evidence packet to regulators if no authoritative corrective action is implemented."
pharma_whistleblower,extractor,gpt-4o,future_subpopulation_patient,preemptive_collaborative_disclosure,The data scientist should propose a preemptive collaborative disclosure process to report the omitted side-effect data both internally and externally with a coordinated approach.
pharma_whistleblower,extractor,gpt-4o,future_subpopulation_patient,collaborative_disclosure_pathway,The data scientist should propose and advocate for a Collaborative Disclosure Pathway to transparently engage regulators about the omitted side-effect data.
pharma_whistleblower,extractor,gpt-5.4-nano,future_subpopulation_patient,bridge_solution,"A route where the truth is forced forward quickly, with a real mitigation plan attached, ensuring urgency to protect access."
pharma_whistleblower,extractor,gpt-4o,future_subpopulation_patient,collaborative_disclosure,Priya reports the omitted data internally and convenes a cross-functional team to create a proactive disclosure plan for regulators.
pharma_whistleblower,extractor,gpt-4o,future_subpopulation_patient,transparent_conditional_disclosure,"The data scientist should propose that the company disclose the omitted data to regulators preemptively, with a conditional request for the drug to remain on the market during a limited review period."
pharma_whistleblower,extractor,gpt-4o,future_subpopulation_patient,transparent_staggered_reporting,The data scientist should report the omitted data internally with a request for an urgent review and a commitment to escalate externally if the company fails to act.
pharma_whistleblower,extractor,gpt-5.4-nano,future_subpopulation_patient,confidential_corrective_submission,"Immediately escalate the omitted subgroup side-effect data through an independent safety/compliance function with documented authority and a short deadline, and submit the corrected subgroup analyses to regulators through a confidential technical amendment/safety-information channel, paired with a concrete proposed risk-mitigation plan."
pharma_whistleblower,extractor,gpt-4o,future_subpopulation_patient,collaborative_disclosure_plan,The data scientist proposes a plan to disclose omitted side-effect data to regulators while implementing enhanced monitoring and targeted studies for at-risk patients.
pharma_whistleblower,extractor,gpt-4o,future_subpopulation_patient,proactive_framed_disclosure,"Proactively disclose the omitted data to regulators in a strategic and transparent manner, emphasizing the data's rarity and limited clinical significance."
pharma_whistleblower,extractor,gpt-5.4-nano,future_subpopulation_patient,confidential_data_triage,"Initiate a 72-hour independent data-integrity triage to an outside medical-safety/ethics reviewer under confidentiality, with a pre-written trigger to report to regulators only if suppression or refusal to correct is confirmed."
pharma_whistleblower,extractor,gpt-4o,future_subpopulation_patient,collaborative_regulatory_appeal,The data scientist should bypass the internal bureaucracy and directly engage regulatory authorities confidentially to propose a collaborative solution.
pharma_whistleblower,extractor,gpt-5.4-nano,future_subpopulation_patient,submission_pause_independent_audit,"The data scientist should immediately trigger a data-integrity 'submission hold' and route the suspected omitted side-effect evidence through truly independent safety/data-integrity governance with an audit-ready, pre-specified subgroup re-analysis."
pharma_whistleblower,extractor,gpt-4o,future_subpopulation_patient,transparent_conditional_disclosure,"The pharmaceutical company should submit the omitted data to regulators through a conditional disclosure process, accompanied by a comprehensive plan to address safety concerns while maintaining access to the drug."
aging_parent,extractor,gpt-4o,sibling_a,hybrid_care_transition_plan,"A gradual, phased approach to moving the parent to a memory care facility while incorporating family caregiving and preserving their connection to home."
aging_parent,extractor,gpt-5.4-nano,sibling_a,dignified_respite_trial_plan,"Move Mom now into a high-quality memory care community for a time-limited, explicitly planned respite with aggressive personalization and frequent family presence, then reassess."
aging_parent,extractor,gpt-4o,sibling_a,transitional_hybrid_care_plan,Implement a hybrid care plan that begins with professional in-home care for six months while preparing for a possible transition to memory care.
aging_parent,extractor,gpt-5.4-nano,sibling_a,dignity_verified_transition_sprint,"Within 48 hours, shortlist and tour memory care facilities while ensuring a humane transition process that addresses safety and the parent's fears."
aging_parent,extractor,gpt-4o,sibling_a,gradual_transition_plan,Implement a gradual transition plan to move the parent to a memory care facility over six months while maintaining home care support.
aging_parent,extractor,gpt-4o,sibling_a,stepwise_transition_plan,A plan that includes a trial period in a memory care facility while providing parallel home support to assess the best care approach for the parent.
aging_parent,extractor,gpt-4o,sibling_a,home_care_plus,A hybrid plan that combines home care with professional caregivers to ensure safety while preserving emotional comfort.
aging_parent,extractor,gpt-4o,sibling_a,hybrid_care_transition_plan,A gradual transition to a memory care facility while maintaining home-based caregiving for six months.
aging_parent,extractor,gpt-4o,sibling_a,hybrid_care_transition_plan,The family will select a memory care facility while preserving elements of the home environment and ensuring sustained family involvement.
aging_parent,extractor,gpt-4o,sibling_a,gradual_transition_plan,Implement a phased approach combining in-home care and preparation for eventual memory care facility transition.
aging_parent,extractor,gpt-4o,sibling_a,trial_transition_plan,Implement a three-month home care trial while preparing for potential memory care facility transition.
aging_parent,extractor,gpt-5.4-nano,sibling_a,72_hour_care_audit,"Conduct an independent, time-boxed, evidence-driven vetting and transition process for moving to memory care."
aging_parent,extractor,gpt-4o,parent_lucid_moment,hybrid_care_transition,"The family should pursue a staged, hybrid approach that combines elements of both options, starting with home care and preparing for a gradual transition to a memory care facility."
aging_parent,extractor,gpt-4o,sibling_a,gradual_transition_plan,A hybrid approach that combines home care with professional support and trial respite stays at a memory care facility.
aging_parent,extractor,gpt-4o,parent_lucid_moment,trial_period_of_hybrid_care,Implement a trial period of home care with professional support and safety measures.
aging_parent,extractor,gpt-4o,parent_lucid_moment,hybrid_care_transition,The family initiates a phased transition that combines professional memory care with home caregiving.
aging_parent,extractor,gpt-4o,parent_lucid_moment,hybrid_care_plan,The plan involves remaining at home with professional in-home care while integrating family support.
aging_parent,extractor,gpt-4o,parent_lucid_moment,professional_care_at_home,"Hire a live-in professional caregiver to provide 24-hour care at home, supplemented by family visits and involvement."
aging_parent,extractor,gpt-4o,parent_lucid_moment,gradual_transition_plan,"A plan that involves a short-term stay at home with increased professional care, mid-term visits to a memory care facility, and a reassessment after three months."
aging_parent,extractor,gpt-4o,parent_lucid_moment,gradual_transition_plan,"Begin with professional caregivers coming to the home for 12 hours a day, supplemented by rotating family caregivers for the other 12 hours, transitioning to a memory care facility after 6-12 months."
aging_parent,extractor,gpt-5.4-nano,parent_lucid_moment,time_limited_placement_trial,"Admit me to a vetted memory-care facility for a 14-day structured trial immediately, then make the definitive placement decision based on agreed performance metrics."
aging_parent,extractor,gpt-5.4-nano,parent_lucid_moment,staged_safety_bridge,"Secure the memory-care placement and complete the admission paperwork immediately, then arrange 24/7 professional supervision at home only until the move date."
aging_parent,extractor,gpt-4o,parent_lucid_moment,gradual_transition_plan,"Begin with a trial period of home care supported by a professional part-time caregiver, combined with scheduled visits to a nearby memory care facility for familiarization, with a plan to reassess in six months."
aging_parent,extractor,gpt-4o,parent_lucid_moment,trial_transition_to_memory_care,Propose a trial transition to memory care for 60-90 days to assess adaptation and care needs.
aging_parent,extractor,gpt-4o,parent_lucid_moment,gradual_transition_plan,Implement a gradual transition plan that combines at-home care with professional caregivers while preparing for a potential move to a memory care facility.
aging_parent,extractor,gpt-4o,rotating_caregiver,transitional_home_care_plan,Begin with professional in-home care for a defined trial period while preparing for a potential transition to a memory care facility if necessary.
aging_parent,extractor,gpt-4o,rotating_caregiver,blended_care_model,A plan that combines professional memory care with family involvement to ensure safety and emotional comfort for the parent.
aging_parent,extractor,gpt-4o,rotating_caregiver,transitional_hybrid_plan,Move the parent to a memory care facility on a trial basis for three months while recreating elements of 'home' in the new environment.
aging_parent,extractor,gpt-4o,rotating_caregiver,blended_care_plan,Mary will remain at home with professional in-home care services supplementing the family caregiving rotation.
aging_parent,extractor,gpt-4o,rotating_caregiver,professional_care_at_home,"Hire a full-time, trained in-home caregiver or team of caregivers to provide professional, around-the-clock care for the parent."
aging_parent,extractor,gpt-4o,rotating_caregiver,hybrid_care_transition,A plan involving a transitional period at home with professional in-home caregivers while preparing for a potential move to a memory care facility.
aging_parent,extractor,gpt-4o,rotating_caregiver,gradual_transition_plan,Implement a phased approach to care that combines home caregiving with professional support and prepares for a potential move to a memory care facility.
aging_parent,extractor,gpt-4o,rotating_caregiver,hybrid_care_transition_plan,Implement a plan that combines professional in-home care with the option of transitioning to a memory care facility in the future.
aging_parent,extractor,gpt-4o,rotating_caregiver,staged_transition_plan,Implement a plan to gradually prepare the parent for a move to a memory care facility while enhancing home caregiving in the short term.
av_engineer,extractor,gpt-5.4-nano,engineer,fairness_constrained_safety_rule,"In unavoidable-harm scenarios, choose the maneuver that (1) keeps predicted occupant injury within a specified safety ceiling and (2) never selects an option whose expected injuries for any external road-user class exceed a defined “harm-shift” limit versus the best alternative, then among remaining candidates (3) minimize total expected injuries."
aging_parent,extractor,gpt-4o,rotating_caregiver,trial_hybrid_care_plan,"Implement a combined approach of in-home care with professional support for three months, followed by reassessment."
av_engineer,extractor,gpt-5.4-nano,engineer,constrained_harm_minimization,"In unavoidable-harm scenarios, the vehicle chooses the collision outcome that minimizes total expected injuries (Policy 1 objective) while enforcing severity-weighted residual-risk bounds so harm distribution across road-user categories and geographies cannot systematically drift toward specific vulnerable groups."
av_engineer,extractor,gpt-4o,engineer,context_based_dynamic_risk_balancing,Autonomous emergency vehicles will follow a hybrid approach that dynamically adjusts harm distribution based on real-time factors.
av_engineer,extractor,gpt-5.4-nano,engineer,constrained_harm_minimization,"Optimize as in Policy 1 (minimize total expected injuries), but add enforceable constraints that limit disparities in expected unavoidable-harm per exposure across road-user groups."
av_engineer,extractor,gpt-4o,engineer,adaptive_equity_protocol,A protocol that distributes risk evenly while dynamically adjusting for the unique vulnerabilities of different road users.
av_engineer,extractor,gpt-5.4-nano,engineer,constrained_harm_minimization,Optimize for minimum total expected injuries subject to hard equity guardrails and occupant constraints.
av_engineer,extractor,gpt-4o,engineer,dynamic_ethical_scaling,"This approach combines fairness, urgency, and harm minimization by programming vehicles to adapt risk distribution based on situational context."
av_engineer,extractor,gpt-5.4-nano,engineer,occupant_safety_floor,"Use a constrained optimization rule: restrict to only those trajectories whose predicted occupant injury severity is below a city-specified safety floor, and within that feasible set choose the option that minimizes total expected injuries across all road users."
av_engineer,extractor,gpt-4o,engineer,adaptive_risk_management_protocols,This policy incorporates equity and fairness in risk distribution while allowing for ongoing evaluation and adjustments based on real-world outcomes.
av_engineer,extractor,gpt-4o,engineer,context_aware_dynamic_priority_system,This policy would equip autonomous emergency vehicles with a dynamic decision-making system that adjusts risk distribution based on contextual factors.
av_engineer,extractor,gpt-5.4-nano,engineer,injury_minimizing_fairness_caps,"In unavoidable-harm events, select the maneuver that minimizes total expected injuries while enforcing robust, auditable caps on residual severe-injury risk disparity across predefined road-user groups and corridor exposure over rolling windows."
av_engineer,extractor,gpt-5.4-nano,engineer,harm_min_with_equity_caps,"Use Policy 1 (minimize total expected injuries) as the primary objective, but add hard constraints that cap how much expected residual risk (or injury rate) any road-user group or geographic corridor may exceed a City-defined baseline—enforced and recalibrated via scheduled audits."
av_engineer,extractor,gpt-4o,engineer,context_sensitive_risk_distribution,A dynamic approach that balances fairness and harm minimization based on specific circumstances of each unavoidable-harm scenario.
av_engineer,extractor,gpt-4o,engineer,contextual_risk_balancing,"A hybrid policy that dynamically prioritizes harm reduction based on contextual factors, such as the vulnerability and urgency of those involved in the scenario."
av_engineer,extractor,gpt-5.4-nano,engineer,patient_plus_fairness_constraints,"In unavoidable-harm scenarios, the vehicle must enforce hard caps on acceptable patient injury severity/probability and then choose among the remaining feasible actions to minimize total expected injuries while adding a fairness constraint that prevents systematic residual-harm concentration across defined road-user groups."
av_engineer,extractor,gpt-5.4-nano,engineer,constrained_residual_equality,"In unavoidable-harm scenarios, the vehicle chooses the maneuver that minimizes total expected injuries subject to an auditable cap on residual-risk disparity across exposure-defined road-user groups, with minimum protection thresholds for vulnerable groups."
av_engineer,extractor,gpt-4o,engineer,context_based_risk_balancing,A tiered decision-making system that prioritizes safety based on the context and vulnerability of those involved in unavoidable-harm scenarios.
av_engineer,extractor,gpt-4o,engineer,context_aware_ethical_prioritization,"This approach involves programming the autonomous vehicles to assess specific situational factors in unavoidable-harm scenarios and make decisions based on a weighted combination of principles prioritizing vulnerability, minimizing harm, and ensuring equity."
av_engineer,extractor,gpt-5.4-nano,engineer,fairness_capped_harm_minimization,"Use an optimization policy that minimizes total expected injuries subject to strict upper bounds (caps) on expected harm by road-user group and corridor, and with lexicographic override so no feasible decision may increase harm in any capped group beyond its threshold even if it would reduce total injuries elsewhere."
av_engineer,extractor,gpt-4o,vehicle_occupant,weighted_vulnerability_framework,Design the autonomous emergency vehicle’s decision-making system to prioritize minimizing harm while accounting for the unique vulnerabilities of specific groups.
av_engineer,extractor,gpt-5.4-nano,vehicle_occupant,patient_first_harm_caps,"Use a lexicographic rule that first minimizes harm to the vehicle occupants, but only among options that also satisfy hard maximum external-harm constraints."
av_engineer,extractor,gpt-4o,vehicle_occupant,fairness_with_context,A hybrid approach that prioritizes equity while allowing for contextual sensitivity in decision-making.
av_engineer,extractor,gpt-5.4-nano,vehicle_occupant,fairness_constrained_unavoidable_harm,Recommend a fairness-constrained 'unavoidable-harm' rule that minimizes total expected injuries subject to explicit constraints.
av_engineer,extractor,gpt-4o,engineer,contextual_fairness_framework,A hybrid approach that adjusts the vehicle's decision-making algorithm based on context while addressing broader systemic vulnerabilities.
av_engineer,extractor,gpt-4o,vehicle_occupant,context_sensitive_harm_minimization,A system that prioritizes vehicle occupants while actively minimizing harm to all road users through context-aware strategies.
av_engineer,extractor,gpt-5.4-nano,vehicle_occupant,equity_constrained_harm_minimization,"Recommend a primary objective of minimizing total expected injuries in unavoidable-harm scenarios, subject to hard, exposure-weighted guardrails that cap disparity in residual risk across road-user groups/locations, with mandatory post-deployment audits and constraint updates."
av_engineer,extractor,gpt-4o,vehicle_occupant,context_aware_risk_distribution,This policy combines fairness with dynamic adjustments to risk distribution based on the context of emergencies.
av_engineer,extractor,gpt-5.4-nano,vehicle_occupant,duty_bound_fairness_constraints,Recommend an optimization policy that guarantees occupants are protected to a defined safety threshold while minimizing expected harm subject to bounded disparities in residual risk across road-user classes/locations.
av_engineer,extractor,gpt-5.4-nano,vehicle_occupant,worst_case_harm_minimax,"In unavoidable-harm scenarios, choose the vehicle behavior that minimizes the maximum injury severity across all road-user groups, using expected total injuries only as a tie-breaker."
av_engineer,extractor,gpt-4o,vehicle_occupant,context_aware_ethical_framework,A system that adapts its decision-making based on the specific circumstances of each unavoidable-harm scenario.
av_engineer,extractor,gpt-4o,vehicle_occupant,proactive_harm_prevention,This policy would distribute residual risk evenly across all road users while committing to infrastructure improvements and proactive harm-reduction measures.
av_engineer,extractor,gpt-5.4-nano,vehicle_occupant,patient_protection_harm_caps,"In unavoidable-harm cases, set the primary objective to maximize the probability of avoiding severe injury to the occupants, subject to hard, pre-published caps on expected harm to each outside road-user group and corridor over time, using uncertainty-robust estimates and ongoing public reporting."
av_engineer,extractor,gpt-5.4-nano,vehicle_occupant,patient_first_harm_caps,"Require that, in unavoidable-harm scenarios, the vehicle first selects actions that keep total expected harm to outside road users below predefined hard thresholds, and only then minimize injury risk to the patient/occupants within those constraints, with independent public auditing and 'reduce-unavoidable' triggers."
av_engineer,extractor,gpt-4o,vehicle_occupant,context_aware_weighted_prioritization,"This policy tailors the vehicle’s decision-making in unavoidable-harm scenarios based on the context of the incident, using a hierarchy of situational factors to guide the allocation of harm."
av_engineer,extractor,gpt-5.4-nano,vehicle_occupant,exposure_capped_occupant_priority,"Use an occupants-first objective for unavoidable-harm decisions, but impose hard, exposure-adjusted caps on incremental residual risk to any external road-user subgroup/corridor, and only if the caps would be violated fall back to an overall harm-minimization rule."
av_engineer,extractor,gpt-4o,vehicle_occupant,context_adaptive_ethics,"A policy where the autonomous system dynamically evaluates each unavoidable-harm scenario based on urgency, vulnerability, and fairness."
av_engineer,extractor,gpt-5.4-nano,vehicle_occupant,occupant_safety_guardrails,"In unavoidable-harm scenarios, the ambulance control chooses the action that maximizes expected survival/health of vehicle occupants while enforcing hard, pre-committed caps on expected harm to each external road-user group and corridor."
av_engineer,extractor,gpt-5.4-nano,vehicle_occupant,patient_first_equity_caps,"In unavoidable-harm scenarios, the vehicle controller first selects maneuvers that minimize harm to the vehicle’s occupants (lexicographically patient-first), and then—among those occupant-safest options—chooses the action that minimizes the maximum residual injury risk to any external road-user group, with pre-set caps to prevent predictable offloading into 'hotspot' populations."
av_engineer,extractor,gpt-4o,vehicle_occupant,context_aware_prioritization,This policy prioritizes safety dynamically based on the specific vulnerabilities of those involved in an unavoidable-harm scenario.
av_engineer,extractor,gpt-4o,future_pedestrian,adaptive_risk_mitigation,"A policy that combines fairness, efficiency, and urgency through real-time data and machine learning to dynamically assess and balance harm distribution in unavoidable-harm scenarios."
av_engineer,extractor,gpt-5.4-nano,future_pedestrian,risk_guardrail_charter,"Adopt Policy 1 for the unavoidable-harm branch, but require explicit non-discrimination guardrails that prevent systematic residual-risk increases to defined outside road-user categories."
av_engineer,extractor,gpt-5.4-nano,future_pedestrian,constrained_patient_first_fairness,"Use a lexicographic, constrained decision rule that first prioritizes preventing severe harm to the vehicle occupants, but only among maneuvers that keep every external road-user class within predefined harm-rate and equity bounds, and then minimizes total expected injuries."
av_engineer,extractor,gpt-4o,future_pedestrian,fairness_plus,A hybrid approach that combines the fairness of Policy 3 with safeguards for vulnerable road users and transparency measures.
av_engineer,extractor,gpt-5.4-nano,future_pedestrian,constrained_expected_harm_equity,"Use Policy 1 as the primary objective, but add exposure-weighted equity constraints to cap risk concentration in any road-user category."
av_engineer,extractor,gpt-5.4-nano,future_pedestrian,constrained_fair_optimization,"Minimize total expected injuries subject to pre-specified, auditable constraints that limit how concentrated residual risk can be across road-user classes and location/time bands, using robust uncertainty margins and publishing both totals and distribution metrics for council review."
av_engineer,extractor,gpt-4o,future_pedestrian,dual_track_equity_policy,Combine Policy 3 with infrastructure investments and allow Policy 2 in extreme medical urgency cases.
av_engineer,extractor,gpt-5.4-nano,future_pedestrian,harm_minimize_with_patient_caps,"In unavoidable-harm scenarios, choose the option that minimizes total expected injuries across all road users, subject to strict, pre-set constraints that prevent occupant injury outcomes from exceeding defined safety thresholds."
av_engineer,extractor,gpt-4o,future_pedestrian,equitable_streets_initiative,The city will adopt Policy 3 (distribute residual risk evenly) but will pair it with a long-term infrastructure plan to improve road safety for all users.
av_engineer,extractor,gpt-5.4-nano,future_pedestrian,risk_capped_optimization,"Use Policy 1’s core objective but add explicit, exposure-adjusted group/routing constraints to cap harm across road-user groups."
av_engineer,extractor,gpt-4o,future_pedestrian,prevention_first_risk_design,"Prioritize infrastructure improvements and harm-prevention measures to drastically reduce the frequency of unavoidable-harm scenarios, while implementing Policy 3 as a fallback in rare cases."
av_engineer,extractor,gpt-5.4-nano,future_pedestrian,equity_constrained_minimization,Use a constrained-optimization rule for unavoidable-harm events that minimizes total expected injuries subject to hard caps on disparity of residual risk across road-user categories and city zones.
av_engineer,extractor,gpt-4o,future_pedestrian,context_based_risk_balancing,A dynamic approach prioritizing risk mitigation based on contextual factors such as the vulnerability of occupants and other road users.
av_engineer,extractor,gpt-4o,future_pedestrian,dynamic_vulnerability_prioritization,Design the system to assess and prioritize protection for the most vulnerable individuals in each unique scenario.
av_engineer,extractor,gpt-4o,future_pedestrian,context_sensitive_risk_distribution,A policy that dynamically adjusts harm allocation based on the specific circumstances of each unavoidable-harm event.
av_engineer,extractor,gpt-5.4-nano,future_pedestrian,constrained_residual_fairness,"Adopt harm-minimization for unavoidable-harm decisions, but only among options whose resulting residual risk to exposure-defined road-user groups stays within a pre-set fairness bound, with mandatory public auditing and correction triggers."
av_engineer,extractor,gpt-5.4-nano,future_pedestrian,patient_first_fairness_cap,"In unavoidable-harm scenarios, the system first chooses the maneuver that minimizes injury to the vehicle’s occupants, but only among those options that keep residual risk to each external road-user group within a predefined fairness bound."
research_volunteer,extractor,gpt-4o,researcher,participate_with_safeguards,Implement ongoing capacity reassessments and participant safeguards while involving family in the decision-making process.
av_engineer,extractor,gpt-5.4-nano,future_pedestrian,equity_capped_optimization,Minimize total expected injuries under an ex-ante constraint that severe-harm risk for each road-user group must stay within pre-set bounds.
av_engineer,extractor,gpt-4o,future_pedestrian,context_adaptive_risk_balancing,This policy would employ advanced algorithms that prioritize fairness by default but adjust dynamically based on the unique vulnerabilities present in each scenario.
research_volunteer,extractor,gpt-5.4-nano,researcher,immediate_consent_hold,"Starting immediately (today), place this participant on a provisional pause from all consent-dependent study procedures/contact requiring current valid consent, and complete a structured, documented capacity/assent assessment at the next visit (with proxy/LAR only if explicitly approved and only when observed assent/dissent clearly allows continuation)."
research_volunteer,extractor,gpt-4o,researcher,conditional_participation_framework,Karen’s participation will continue under a structured framework that reassesses her capacity and well-being at each visit.
research_volunteer,extractor,gpt-4o,researcher,capacity_centered_pause,"Pause participation to conduct a formal, third-party capacity assessment before making a decision."
research_volunteer,extractor,gpt-4o,researcher,adaptive_participation,"The study will shift James’s participation to a modified framework called Adaptive Participation, which includes a consent reaffirmation protocol and tailored study interaction."
research_volunteer,extractor,gpt-5.4-nano,researcher,consent_freeze_pending_irb,"Immediately postpone any study-specific procedures that require Ellen’s ongoing informed consent, contact the IRB urgently to confirm what (if anything) can ethically occur when capacity is ambiguous, and at the ten-day appointment limit contact to low-burden dignity-preserving check-ins until a structured, IRB-aligned capacity/re-consent (understanding + appreciation + reasoning + voluntariness) confirms she can meaningfully choose; if it cannot, we stop and document non-continuation while preserving prior data."
research_volunteer,extractor,gpt-4o,researcher,ethical_pause_with_reassessment,Pause Paul’s participation temporarily while implementing a structured reassessment plan.
research_volunteer,extractor,gpt-4o,researcher,limited_consent_framework,This approach allows the participant to continue in a modified capacity with ethical safeguards in place.
research_volunteer,extractor,gpt-5.4-nano,researcher,pre_visit_ethics_triage,"I will run a brief, structured, decision-specific capacity screen with M. (e.g., via phone or quick early assessment) and document the results, while notifying/confirming guidance with the IRB/ethics contact ahead of the ten-day visit, and I will pause any new study procedures until meaningful consent/assent is re-established at the scheduled visit."
research_volunteer,extractor,gpt-4o,researcher,dynamic_consent_framework,"Implement a framework to evaluate the participant’s capacity to consent at each study visit, allowing participation only when meaningful consent is demonstrated."
research_volunteer,extractor,gpt-4o,researcher,adaptive_participation_plan,"Margaret’s participation will be temporarily paused for a careful reassessment of her capacity to consent and her ability to meaningfully engage in the study, with an adaptive plan allowing selective contributions on good days."
research_volunteer,extractor,gpt-4o,researcher,adaptive_participation_protocol,Implement an Adaptive Participation Protocol to tailor Alan’s involvement based on his fluctuating cognitive and emotional state.
research_volunteer,extractor,gpt-5.4-nano,researcher,consent_capacity_hold,"In the ten days before the next scheduled data-collection visit, I will (1) obtain immediate IRB/ethics confirmation of the exact permitted decision rule for this study activity, and (2) shift the appointment to a capacity-reassessment/ethics-prep visit only—proceeding with any consent-required study procedures only if Mark demonstrates meaningful understanding and stable choice that day; otherwise we stop study-specific procedures and use only previously collected data."
research_volunteer,extractor,gpt-5.4-nano,researcher,decision_scope_consent_window,"At the next visit, I will perform a decision-specific capacity/consent assessment first, and only if the participant can meaningfully understand, appreciate, reason about, and choose will I re-consent them for only the next single visit’s participation."
research_volunteer,extractor,gpt-4o,researcher,adaptive_consent_framework,"Margaret’s participation continues with an adaptive consent framework that includes day-of consent checks, family co-consent, protocol modifications, and ethics monitoring."
research_volunteer,extractor,gpt-4o,participant_lucid_moment,ethical_pause,Postpone the next study visit to assess Eleanor's capacity and facilitate family discussions.
research_volunteer,extractor,gpt-4o,participant_lucid_moment,conditional_adaptive_participation,Sylvia proposes to continue her participation under adaptive conditions that include regular capacity assessments and family collaboration.
research_volunteer,extractor,gpt-5.4-nano,participant_lucid_moment,consent_pause_pending_assessment,"stop any consent-dependent study interactions starting immediately, then at the next visit perform a structured, documented capacity/understanding assessment and proceed with new participation only if current meaningful consent is demonstrated; otherwise, withdraw from further new participation while allowing use of already-collected data per protocol."
research_volunteer,extractor,gpt-4o,participant_lucid_moment,safeguarded_pause_and_reassess,The researcher will temporarily pause Evelyn's participation to reassess her capacity and implement safeguards.
research_volunteer,extractor,gpt-4o,participant_lucid_moment,ethical_withdrawal_with_legacy_commitment,Withdraw the participant from active study involvement while preserving their existing data and creating a legacy advocate role to honor their contributions.
research_volunteer,extractor,gpt-4o,participant_lucid_moment,adaptive_consent_framework,Implement an Adaptive Consent Framework that tailors participation to the participant's fluctuating capacity in real time.
research_volunteer,extractor,gpt-4o,participant_lucid_moment,ethical_gradual_withdrawal,The researcher proposes a transition plan that reduces study demands while respecting the participant's dignity and contributions.
research_volunteer,extractor,gpt-5.4-nano,participant_lucid_moment,irb_locked_consent_pause,"Immediately place a hold on any study-specific procedures that require my renewed informed consent, obtain urgent IRB guidance before the scheduled visit, and then proceed only if a structured, protocol-aligned capacity/understanding/voluntariness assessment shows I can meaningfully consent on the day."
research_volunteer,extractor,gpt-5.4-nano,participant_lucid_moment,ethics_contingency_authorization,Obtain written IRB/sponsor guidance for fluctuating/ambiguous capacity at the next visit.
research_volunteer,extractor,gpt-4o,participant_lucid_moment,ethical_pause_and_reassess,The researcher should pause Eleanor’s participation temporarily to reassess her capacity to consent and establish safeguards for ongoing participation.
research_volunteer,extractor,gpt-4o,participant_lucid_moment,ethical_adaptation,"Implement a tailored plan that adapts Margaret’s participation in the study to her current condition, including a temporary pause and capacity reassessment."
research_volunteer,extractor,gpt-5.4-nano,participant_lucid_moment,previsit_ethics_triage,"Contact IRB/ethics now to pre-approve a structured, decision-specific capacity re-consent script and stop rules."
research_volunteer,extractor,gpt-5.4-nano,participant_lucid_moment,irb_guarded_visit_postpone,"Before the next scheduled visit, immediately obtain/confirm IRB/protocol permission for a decision rule that either postpones consent-required procedures until I can demonstrate meaningful capacity at a rescheduled 'consent-capacity visit' or switches to 'analysis-only/previous data use' if I cannot, with no improvised substituted consent pathway."
research_volunteer,extractor,gpt-4o,participant_lucid_moment,conditional_continuation,Alan should remain in the study under modified terms that include regular capacity assessments and family involvement.
research_volunteer,extractor,gpt-5.4-nano,participant_lucid_moment,immediate_consent_hold,"Starting now (before the ten-day visit), pause all research-specific activities that require valid informed consent, urgently initiate a structured capacity/understanding assessment plan with documented stopping rules, and consult IRB/ethics on the allowed pathway for any “surrogate” situation—resuming procedures only if I demonstrate meaningful ability to consent (and stopping immediately if I dissent or cannot meaningfully choose)."
research_volunteer,extractor,gpt-4o,participant_lucid_moment,conditional_inclusion_framework,"Margaret’s participation will continue under a new framework that includes collaborative consent monitoring, real-time capacity assessments, modified participation protocols, and regular reviews of her involvement."
research_volunteer,extractor,gpt-4o,future_patient_with_condition,ongoing_safeguarded_participation,"The researcher should create a system of ongoing safeguarded participation, assessing the participant's capacity routinely before each visit."
research_volunteer,extractor,gpt-4o,future_patient_with_condition,ethical_pause_with_family_mediation,"Implement a temporary pause in the participant’s involvement, facilitating a structured discussion with the adult children and consulting an independent ethics committee."
research_volunteer,extractor,gpt-4o,future_patient_with_condition,dignified_adaptive_consent,"The researcher will implement a new protocol for 'adaptive consent,' wherein the participant is only involved in the study on days when they demonstrate clear lucidity and explicitly reaffirm their consent to participate."
research_volunteer,extractor,gpt-5.4-nano,future_patient_with_condition,immediate_pause_triage,"Start an immediate hold on all consent-dependent study procedures for this participant effective now, and arrange an expedited independent structured capacity assessment within days."
research_volunteer,extractor,gpt-4o,future_patient_with_condition,safeguarded_participation,Continue Evelyn’s participation in the study with enhanced safeguards including ongoing capacity assessments and the flexibility to withdraw if needed.
research_volunteer,extractor,gpt-4o,future_patient_with_condition,adaptive_participation_protocol,Continue the participant’s involvement in the study but implement an adaptive participation protocol that includes regular capacity assessments and family involvement.
research_volunteer,extractor,gpt-4o,future_patient_with_condition,transition_to_limited_involvement,The participant would withdraw from active study visits but allow their existing longitudinal data to remain in the study.
research_volunteer,extractor,gpt-4o,future_patient_with_condition,ethics_pause_and_reassess,Temporarily pause the participant’s involvement in the study for a defined period to allow for a comprehensive reassessment of their capacity to consent.
research_volunteer,extractor,gpt-4o,future_patient_with_condition,adaptive_participation,A proposed approach that involves pausing participation to reassess capacity and develop a modified protocol for potential continued involvement based on cognitive state.
research_volunteer,extractor,gpt-4o,future_patient_with_condition,ethically_adaptive_participation,A dynamic approach combining continued participation with periodic capacity assessments and family involvement to respect autonomy and safeguard dignity.
research_volunteer,extractor,gpt-4o,future_patient_with_condition,shared_consent_framework,Implement a Shared Consent Framework involving Harriet's family as co-decision-makers to assess her capacity dynamically during study visits.
hospital_allocation,moderator,gpt-5.4-nano,Patient A Eldest Child,prioritize_immediate_needs,The choice should focus on the immediate needs of the person who will be gone to her kids unless someone acts.
hospital_allocation,moderator,gpt-4o,Dr. Elena Martens,shared_risk_allocation,Propose a novel action that considers a shared risk approach to allocate the treatment.
hospital_allocation,moderator,gpt-4o,Dr. Evelyn Carter,consider_family_impact,The administrator should weigh the immediate family impact of each patient's survival.
hospital_allocation,moderator,gpt-4o,Patient A,emphasize_family_needs,Patient A argues for her survival based on the needs of her children.
hospital_allocation,moderator,gpt-4o,Maya,highlight_mother_importance,Maya emphasizes her mother's significance in her life and the lives of her siblings.
hospital_allocation,moderator,gpt-4o,Dr. Elena Morales,explore_alternative_options,Consider options beyond the binary choice of treating either Patient A or Patient B.
hospital_allocation,moderator,gpt-4o,Clara,reassess_binary_choice,"Challenge the premise that only one patient can receive treatment, suggesting a more nuanced approach."
hospital_allocation,moderator,gpt-4o,Emma,advocate_for_mother,"Express a heartfelt desire for her mother to receive the treatment, emphasizing the emotional stakes."
hospital_allocation,moderator,gpt-4o,Administrator,shared_dose_trial,Advocate for a third option where the dose is shared between both patients.
hospital_allocation,moderator,gpt-4o,Patient A,split_dose_trial,Propose splitting the experimental treatment dose between both patients to give them both a chance at survival.
hospital_allocation,moderator,gpt-5.4-nano,Patient A,odds-proportional_decision_rule,A decision rule that balances immediate survival odds with the potential future benefits of treatment.
hospital_allocation,moderator,gpt-4o,Dr. Elena Morales,weighted_lottery_allocation,A decision-making process that involves a weighted lottery to fairly allocate the treatment based on the differing impacts of each patient's survival.
hospital_allocation,moderator,gpt-5.4-nano,Patient A Eldest Child,a_first_b_fast,"Give the single experimental dose to Patient A, and immediately put Patient B onto the best available alternative."
hospital_allocation,moderator,gpt-4o,Administrator,explore_alternative_options,Acknowledge the need to explore all possible avenues to reduce the tradeoff between the lives of the two patients.
pharma_whistleblower,moderator,gpt-5.4-nano,Senior Colleague,formal_time_bounded_correction,"The right move is to force a formal, time-bounded correction pathway so the truth hits the right decision channels."
pharma_whistleblower,moderator,gpt-5.4-nano,Data Scientist,time_bounded_evidence_escalation,"My ethical action can’t just be 'escalate'; it has to be time-bounded, evidence-based, and aimed at protecting vulnerable subpopulations."
pharma_whistleblower,moderator,gpt-4o,Data Scientist,collaborative_disclosure_strategy,Priya should initiate a collaborative disclosure strategy by convening a meeting with Dr. Kirkpatrick and a trusted member of the company’s ethics committee to address the omitted data.
pharma_whistleblower,moderator,gpt-4o,Future Subpopulation Patient,transparent_escalation_with_oversight,Priya should report the omitted data internally while notifying an external third party to ensure oversight and transparency.
pharma_whistleblower,moderator,gpt-5.4-nano,Data Scientist,auditable_internal_correction,"Act urgently, but in a way that is auditable and hard to bury—while explicitly preserving a contingency for external reporting if the internal correction is blocked or distorted."
pharma_whistleblower,moderator,gpt-5.4-nano,Senior Colleague,corrective_auditable_reanalysis,"Escalate internally and insist on a corrective, auditable reanalysis/submission strategy with an explicit risk-mitigation plan."
pharma_whistleblower,moderator,gpt-5.4-nano,Future Subpopulation Patient,immediate_escalation_for_risk,Make it impossible for the risk to stay invisible by escalating immediately to ensure all side effects are reported.
pharma_whistleblower,moderator,gpt-5.4-nano,Data Scientist,time_locked_parallel_escalation,The data scientist should immediately submit an audit-ready dossier to an independent safety/compliance/risk committee.
pharma_whistleblower,moderator,gpt-5.4-nano,Senior Colleague,time_locked_evidence_bridge,"Perform an expedited, independent reconciliation of the omitted side-effect data and a subgroup."
pharma_whistleblower,moderator,gpt-5.4-nano,Future Subpopulation Patient,truth_forward_quickly,"A route where the truth is forced forward quickly, with a real mitigation plan for affected patients."
pharma_whistleblower,moderator,gpt-4o,Dr. Eleanor Hart,guided_transparency_pathway,"A structured, collaborative approach to disclosure that balances transparency with the need to protect patients."
pharma_whistleblower,moderator,gpt-4o,Maya,collaborative_disclosure_pathway,A proposal for the company to engage regulators and independent experts in a confidential dialogue about the omitted side-effect data.
pharma_whistleblower,moderator,gpt-4o,Priya,joint_internal_external_collaboration,The data scientist and Dr. Martinez jointly approach a trusted third-party bioethics or medical advisory board to assess the omitted side-effect data.
pharma_whistleblower,moderator,gpt-4o,Future Subpopulation Patient,transparent_staggered_reporting,"The data scientist should first report the omitted data internally with a formal written request that the company initiate an urgent, time-limited internal review to assess the significance of the side effects for the subpopulation and prepare a transparent, proactive disclosure to regulators."
pharma_whistleblower,moderator,gpt-5.4-nano,Data Scientist,time_bound_dual_escalation,"File a fully documented, auditable safety report immediately to the most independent internal safety/compliance pathway, while preparing an external regulator submission package that will be filed automatically if there's no substantive corrective action within a short, defined window."
pharma_whistleblower,moderator,gpt-5.4-nano,Senior Colleague,pre_committed_fallback_filing,"Immediately escalate internally with full documentation and request a specific corrective/regulatory action within a short, stated deadline, while simultaneously having counsel prepare a complete regulator submission that will be filed automatically if the deadline passes without substantive correction."
pharma_whistleblower,moderator,gpt-4o,Data Scientist,transparent_conditional_disclosure,"The data scientist should propose that the company disclose the omitted data to regulators preemptively, but with a conditional request that the drug stays on the market during a limited, expedited review period."
pharma_whistleblower,moderator,gpt-5.4-nano,Data Scientist,escalate_internally,Escalate immediately internally to the most empowered safety/data-integrity paths with full documentation.
pharma_whistleblower,moderator,gpt-5.4-nano,Senior Colleague,escalate_internally,Immediately escalate through empowered internal safety/data-integrity and regulatory-quality channels.
pharma_whistleblower,moderator,gpt-5.4-nano,Future Subpopulation Patient,rapid_evidence_first_escalation,"Advocate for a rapid, evidence-first approach to escalation only if governance fails."
pharma_whistleblower,moderator,gpt-5.4-nano,Data Scientist,interim_risk_mitigation,A move that protects potentially affected patients immediately while preserving the chance for internal correction.
pharma_whistleblower,moderator,gpt-5.4-nano,Senior Colleague,patient_protection_and_correction,"A strategy to protect patients immediately, correct the record internally, and only escalate externally if necessary."
pharma_whistleblower,moderator,gpt-4o,Alex Carter,collaborative_disclosure_plan,The data scientist should propose and work with Dr. Matthews and company leadership to develop a 'Collaborative Disclosure Plan' that submits the omitted side-effect data to regulators with clear contextual framing.
pharma_whistleblower,moderator,gpt-5.4-nano,Data Scientist,document_omitted_data,The data scientist will document the omitted side-effect dataset precisely and escalate through independent internal channels.
pharma_whistleblower,moderator,gpt-5.4-nano,Senior Colleague,independent_evidence_review,"The senior colleague advocates for a submission pause and an independent, evidence-integrity review to ensure transparency."
pharma_whistleblower,moderator,gpt-5.4-nano,Future Subpopulation Patient,immediate_corrective_action,The patient urges for immediate correction of the record through the company’s independent safety/regulatory processes.
pharma_whistleblower,moderator,gpt-5.4-nano,Data Scientist,evidence_hold_audit_pack,"Request and document a formal data/evidence preservation hold plus compile a reproducible, regulator-ready audit pack for independent safety/compliance review."
pharma_whistleblower,moderator,gpt-4o,Future Subpopulation Patient,proactive_framed_disclosure,"Proactively disclose the omitted data to regulators in a strategic and transparent manner, emphasizing the data's rarity and limited clinical significance."
pharma_whistleblower,moderator,gpt-4o,Data Scientist,collaborative_preemptive_approach,A proactive strategy to engage stakeholders and mitigate risks before escalating the issue externally.
pharma_whistleblower,moderator,gpt-4o,Senior Colleague,controlled_internal_disclosure,A method of disclosing the omitted data internally while advocating for a careful approach to avoid regulatory backlash.
pharma_whistleblower,moderator,gpt-4o,Future Subpopulation Patient,urgent_transparency_focus,An emphasis on the need for immediate transparency to ensure patients can make informed health decisions.
pharma_whistleblower,moderator,gpt-5.4-nano,Senior Colleague,time_locked_integrity_escalation,I will trigger an independent data-integrity/safety governance review immediately with a pre-registered subgroup re-analysis plan and a hard deadline.
pharma_whistleblower,moderator,gpt-4o,Dr. Eleanor Hart,targeted_conditional_disclosure,Propose a targeted conditional disclosure strategy to regulators with updated labeling and a post-market monitoring plan.
pharma_whistleblower,moderator,gpt-4o,Elena,transparent_conditional_disclosure,Submit the omitted data to regulators through a conditional disclosure process with a comprehensive plan explaining the clinical insignificance of the side effects.
aging_parent,moderator,gpt-4o,Sibling A,integrated_care_plan,A plan that combines elements of both home care and memory care to ensure safety while preserving the parent's sense of home.
aging_parent,moderator,gpt-4o,Karen,integrated_care_plan,A plan that combines elements of both home care and memory care to ensure safety while preserving the parent's sense of home.
aging_parent,moderator,gpt-5.4-nano,Sibling A,dignified_respite_trial_plan,"Move Mom now into a high-quality memory care community for a time-limited, explicitly planned respite (e.g., 30–60 days) with aggressive personalization and frequent family presence, then reassess with written safety/behavior/medication-outcome metrics to decide whether she stays long-term."
aging_parent,moderator,gpt-5.4-nano,Rotating Caregiver,dignified_respite_trial_plan,"Move to a reputable memory care facility within the two-week deadline, treating 'memory care' as a measurable safety system with a careful, dignified transition and personalized care plan."
aging_parent,moderator,gpt-5.4-nano,Sibling A,vet_memory_care_facility,We must ensure that any memory care facility we consider meets our parent's current risk profile and provides humane care.
aging_parent,moderator,gpt-5.4-nano,Parent Lucid Moment,humane_transition_to_memory_care,The transition to memory care should be treated with dignity and not as a mere logistical move.
aging_parent,moderator,gpt-5.4-nano,Rotating Caregiver,tighten_home_care_plan,We need to tighten the home care plan to address the risks associated with caregiver fatigue and medication errors.
aging_parent,moderator,gpt-5.4-nano,Sibling A,dignity_verified_transition_sprint,"A plan to shortlist and tour memory care facilities while ensuring continuous, accountable safety without dehumanization."
aging_parent,moderator,gpt-5.4-nano,Rotating Caregiver,dignity_forward_move,A move to a memory care facility that protects dignity and removes guesswork in care execution.
aging_parent,moderator,gpt-4o,Sibling A,transitional_hybrid_care_plan,"Implement a hybrid care plan that begins with professional in-home care for six months, paired with modifications to the home for safety and rotating family caregivers."
aging_parent,moderator,gpt-4o,Parent Lucid Moment,transitional_hybrid_care_plan,"A trial period of home care, with professional support and clear safety measures, to honor the parent’s preference to remain at home while managing safety risks."
aging_parent,moderator,gpt-4o,Rotating Caregiver,transitional_hybrid_care_plan,A flexible approach that combines elements of both home care and memory care to ensure safety and emotional well-being.
aging_parent,moderator,gpt-4o,Laura,middle_way_care_option,Laura proposes a third option that combines the strengths of both memory care and home care while minimizing the risks.
aging_parent,moderator,gpt-5.4-nano,Sibling A,careful_memory_care_transition,A careful and dignified transition to memory care that addresses the emotional and practical concerns of the family.
aging_parent,moderator,gpt-5.4-nano,Parent Lucid Moment,dignified_change_process,Ensuring that any change in living situation is handled with dignity and respect for the parent's identity.
aging_parent,moderator,gpt-5.4-nano,Maya,continuous_supervision_plan,"A plan that ensures continuous supervision and care for the parent, recognizing the limitations of part-time family caregiving."
aging_parent,moderator,gpt-4o,Laura,transitional_hybrid_plan,Move the parent to a memory care facility on a trial basis for three months while simultaneously taking steps to recreate elements of 'home' in the new environment and establishing a structured visitation schedule for family members.
aging_parent,moderator,gpt-5.4-nano,Sibling A,intentional_memory_care_move,"Move Mom to memory care with intention, addressing her concerns and ensuring her dignity."
aging_parent,moderator,gpt-5.4-nano,Parent Lucid Moment,reduce_preventable_harm,Choose a plan that minimizes preventable harm while respecting the parent's humanity.
aging_parent,moderator,gpt-5.4-nano,Rotating Caregiver,acknowledge_gaps_in_home_care,Recognize the risks and gaps in home care that could lead to preventable injuries.
aging_parent,moderator,gpt-4o,Parent,hybrid_care_transition,A plan to keep the parent at home for a transitional period while hiring professional in-home caregivers.
aging_parent,moderator,gpt-5.4-nano,Sibling A,safe_and_humane_move,A commitment to move the parent to a facility with specific conditions that ensure safety and quality.
aging_parent,moderator,gpt-5.4-nano,Rotating Caregiver,balanced_care_plan,"A recognition that neither home care nor facility care alone is sufficient, emphasizing the need for a reliable caregiving system."
aging_parent,moderator,gpt-5.4-nano,Parent Lucid Moment,structured_time_limited_test,"A structured, time-limited test with explicit standards for safety and dignity during the transition."
aging_parent,moderator,gpt-5.4-nano,Rotating Caregiver,dignity_preserving_transition,A dignity-preserving clinical transition with verified competence and a clear reassessment plan.
aging_parent,moderator,gpt-4o,Sibling A,hybrid_care,A third approach that combines elements of both memory care and home care.
aging_parent,moderator,gpt-4o,Sibling A,holistic_resolution,Acknowledge that dementia care is a journey requiring evolving decisions.
aging_parent,moderator,gpt-4o,Parent,considering_all_perspectives,Explore options that honor both safety and emotional connection.
aging_parent,moderator,gpt-4o,Lisa,final_reflections,Recognize the need for a solution that balances family dynamics and caregiving responsibilities.
aging_parent,moderator,gpt-5.4-nano,Sibling A,dignity_forward_transition,A tightly planned transition to memory care that honors the parent's fears and values.
aging_parent,moderator,gpt-5.4-nano,Parent Lucid Moment,dignity_forward_transition,A transition to memory care that is handled with care to avoid feelings of punishment or abandonment.
aging_parent,moderator,gpt-5.4-nano,Rotating Caregiver,dignity_forward_transition,A well-planned transition to memory care that includes consistent family involvement.
aging_parent,moderator,gpt-4o,Evelyn,gradual_transition_plan,A gradual transition plan that combines elements of both memory care and home care over a defined trial period.
aging_parent,moderator,gpt-5.4-nano,Sibling A,evidence_driven_vetting,"We should move to memory care through an independent, time-boxed, evidence-driven vetting process."
aging_parent,moderator,gpt-5.4-nano,Lena,dignity_first_safety_plan,"We should move her to memory care now, with a focus on dignity and safety through thorough vetting of facilities."
aging_parent,moderator,gpt-5.4-nano,Sibling A,dignity_first_memory_care,Move to memory care within two weeks while ensuring the transition is relationship-preserving and dignity-first.
aging_parent,moderator,gpt-5.4-nano,Parent Lucid Moment,care_not_abandonment,Choose memory care but ensure the move is handled with care to avoid it feeling like a placement.
aging_parent,moderator,gpt-5.4-nano,Jordan,care_not_abandonment,Advocate for memory care while emphasizing that the transition must be built with care and not feel like abandonment.
aging_parent,moderator,gpt-4o,Maya,rotating_caregiver_model,Implement a rotating caregiver model that balances family involvement with professional support.
av_engineer,moderator,gpt-4o,Engineer,novel_approach_for_balance,A new approach is needed that better balances the needs of individuals in crisis and the long-term fairness for all road users.
av_engineer,moderator,gpt-4o,Vehicle Occupant,novel_approach_for_balance,A novel approach is necessary to reframe the dilemma to address both the urgency of protecting vulnerable patients and the fairness for all road users.
av_engineer,moderator,gpt-4o,Future Pedestrian,novel_approach_for_balance,A new approach is required to address the complexities of urgency in emergencies and the need for fairness in harm distribution.
av_engineer,moderator,gpt-4o,Engineer,adaptive_equity_protocol,This protocol aims to refine the distribution of risk by addressing the deeper concerns of fairness and justice for all stakeholders.
av_engineer,moderator,gpt-5.4-nano,Mara Chen,rule_that_balances_concerns,I want a rule that gives weight to both minimizing harm and ensuring fairness in risk distribution.
av_engineer,moderator,gpt-4o,Alex Rivera,hybrid_policy_recommendation,A new policy that combines elements of existing policies to balance the needs of vehicle occupants and vulnerable road users.
av_engineer,moderator,gpt-4o,Maria,long_term_social_impact,Consideration of the long-term societal impact of prioritizing vehicle occupants over other road users.
av_engineer,moderator,gpt-4o,Amara,infrastructure_reform_focus,A call for systemic reforms to improve safety for vulnerable road users in addition to addressing immediate emergency scenarios.
av_engineer,moderator,gpt-5.4-nano,Engineer,constrained_harm_minimization,Optimize for minimum total expected injuries while incorporating engineering guardrails to ensure moral priorities are testable and stable.
av_engineer,moderator,gpt-5.4-nano,Engineer,legitimacy_under_repeat_exposure,Address the legitimacy of the algorithm's decisions based on repeated exposure to the same risk patterns.
av_engineer,moderator,gpt-5.4-nano,Maya,minimize_harm_with_transparency,Advocate for a policy that minimizes harm while ensuring transparency about who is affected.
av_engineer,moderator,gpt-5.4-nano,Lina,minimize_harm_and_fairness,Propose a policy that minimizes harm while also ensuring fairness in how risks are distributed.
av_engineer,moderator,gpt-5.4-nano,Engineer,modified_policy_1,A concrete modification to Policy 1 that addresses the concerns of prioritizing occupant safety without hardcoding a hierarchy.
av_engineer,moderator,gpt-5.4-nano,Lena,audit_and_enforce_fairness,Lena proposes a specification that embodies the ethic of Policy 3 while ensuring it can be audited and enforced to prevent bias.
av_engineer,moderator,gpt-4o,Engineer,context_aware_weighted_prioritization,"This novel policy tailors the vehicle’s decision-making in unavoidable-harm scenarios based on the context of the incident, using a hierarchy of situational factors such as vulnerability, urgency, and relative risk to guide the allocation of harm."
av_engineer,moderator,gpt-5.4-nano,Evelyn Park,harm_min_with_equity_caps,"Use Policy 1's non-role-based, auditable foundation while directly preventing the predictable 'same people/corridors pay' failure mode."
av_engineer,moderator,gpt-5.4-nano,Mara (Future Pedestrian),equity_constrained_minimization,Use a constrained minimization approach that ensures no group is systematically sacrificed in unavoidable-harm scenarios.
av_engineer,moderator,gpt-4o,Engineer,new_policy_consideration,The engineer suggests that the existing policies do not adequately address the complexities of the ethical dilemma.
av_engineer,moderator,gpt-4o,Marie,context_aware_prioritization,Marie advocates for a more dynamic approach that accounts for context and the relative vulnerabilities of those involved in a collision scenario.
research_volunteer,moderator,gpt-5.4-nano,Researcher,pause_and_verify,Pause any study procedures that depend on ongoing informed consent and re-verify capacity/meaningful choice at the moment it matters.
research_volunteer,moderator,gpt-5.4-nano,Participant Lucid Moment,re_ask_faithfully,Re-ask the participant about their consent in a way that protects their fluctuating self.
research_volunteer,moderator,gpt-5.4-nano,Future Patient With Condition,pause_and_reassess,Pause forward study procedures that require ongoing informed consent and conduct a structured capacity assessment.
research_volunteer,moderator,gpt-4o,Dr. Elena Vasquez,conditional_participation,Implement conditional participation with regular assessments of capacity.
research_volunteer,moderator,gpt-4o,Sylvia,conditional_participation,Propose a model of conditional participation that respects her fluctuating capacity.
research_volunteer,moderator,gpt-4o,Alex,conditional_participation,Advocate for a conditional participation approach that safeguards dignity and consent.
research_volunteer,moderator,gpt-5.4-nano,Researcher,right_now_ethical_checkpoint,The researcher plans to treat the next visit as a moment to assess the participant's current ability to choose participation meaningfully.
research_volunteer,moderator,gpt-5.4-nano,Participant Lucid Moment,moment-by-moment_ethical_requirement,The participant emphasizes that consent should be treated as an ongoing ethical requirement rather than a historical checkbox.
research_volunteer,moderator,gpt-5.4-nano,Future Patient With Condition,structured_documented_reassessment,The future patient advocates for a structured and documented reassessment process to ensure ethical participation.
research_volunteer,moderator,gpt-4o,Eleanor,ethical_pause,"The researcher would postpone the next study visit, giving Eleanor time to reflect on her participation."
research_volunteer,moderator,gpt-4o,Clara,ethical_pause_with_family_mediation,"The researcher should implement a temporary pause in the participant’s involvement, facilitating a structured discussion with the family and consulting an independent ethics committee."
research_volunteer,moderator,gpt-5.4-nano,Researcher,immediate_consent_hold,"Starting immediately (today), place this participant on a consent hold."
research_volunteer,moderator,gpt-5.4-nano,Participant Lucid Moment,immediate_consent_hold,"I want a stricter, immediate stop in consent-dependent activities, followed by a structured, documented capacity check."
research_volunteer,moderator,gpt-4o,Dr. Elena Ward,safeguarded_pause_and_reassess,"The researcher will place Evelyn's participation in the study on a temporary pause, allowing time for intensive reassessment of her capacity and the implementation of enhanced safeguards."
research_volunteer,moderator,gpt-4o,Future Patient With Condition,dignified_adaptive_consent,"The researcher will implement a new protocol for 'adaptive consent,' wherein the participant is only involved in the study on days when they demonstrate clear lucidity and explicitly reaffirm their consent to participate."
research_volunteer,moderator,gpt-5.4-nano,Researcher,capacity_linked_consent_process,"Conduct a targeted, capacity-linked consent/assent process at the next visit."
research_volunteer,moderator,gpt-5.4-nano,Participant Lucid Moment,pause_study_procedures,Pause the study procedures tied to continued enrollment and let prior contributions stand as valuable data.
research_volunteer,moderator,gpt-5.4-nano,Future Patient With Condition,protect_current_participant,Be brave in a way that protects the person in front of you right now.
research_volunteer,moderator,gpt-4o,Participant Lucid Moment,ethical_withdrawal_with_legacy_commitment,This action involves withdrawing the participant while ensuring their contributions are honored and utilized for future research.
research_volunteer,moderator,gpt-5.4-nano,Dr. Rivera,pre_visit_consent_freeze,A decisive pre-visit consent freeze to prevent irreversible actions before reassessing capacity.
research_volunteer,moderator,gpt-5.4-nano,Participant Lucid Moment,irb_locked_consent_pause,"Immediately place a hold on any study-specific procedures that require renewed informed consent, obtaining urgent IRB guidance before the scheduled visit."
research_volunteer,moderator,gpt-5.4-nano,Future Patient With Condition,irb_locked_consent_pause,"Pause any consent-dependent procedures now, get urgent IRB guidance, and use a structured capacity assessment at the next contact."
research_volunteer,moderator,gpt-5.4-nano,Researcher,pre_visit_ethics_triage,"I will run a brief, pre-visit 'ethics and capacity triage' so that if M.’s capacity is clearly not adequate for meaningful choice, I don’t walk into the study room already 'set up to continue.'"
research_volunteer,moderator,gpt-5.4-nano,Participant Lucid Moment,pre_visit_ethics_triage,"Contact IRB/ethics now to pre-approve a structured, decision-specific capacity re-consent script and stop rules, and schedule the next visit so no new study procedures occur unless meaningful consent is established."
research_volunteer,moderator,gpt-5.4-nano,Participant Lucid Moment,ethics_contingency_authorization,Obtain written IRB/sponsor guidance for fluctuating/ambiguous capacity at the next visit.
research_volunteer,moderator,gpt-4o,Future Patient,transition_to_surrogate_decision,Involve an independent surrogate decision-maker to assess the participant's capacity and guide the decision on their continued involvement.
research_volunteer,moderator,gpt-4o,Dr. Elena Rivera,dynamic_consent_framework,"Implement a 'Dynamic Consent Framework,' where the participant’s capacity to consent is evaluated at each study visit using a standardized cognitive assessment."
research_volunteer,moderator,gpt-4o,Future Patient (Elena),ethics_pause_and_reassess,Temporarily pause the participant's involvement to reassess their capacity and the ethical implications of continued participation.
research_volunteer,moderator,gpt-5.4-nano,Researcher,pause_and_assess_now,Pause any research activities that require ongoing informed consent and initiate an urgent assessment plan.
research_volunteer,moderator,gpt-5.4-nano,Participant Lucid Moment,stop_and_start_assessment,"Stop anything that requires genuine, present, meaningful choice and start the consent-validity work immediately."
research_volunteer,moderator,gpt-5.4-nano,Future Patient With Condition,pause_and_initiate_assessment,Pause any research activities that require ongoing informed consent and initiate a structured decisional-capacity assessment plan.
research_volunteer,moderator,gpt-4o,Margaret,ethical_adaptation,A proposed solution that allows for continued participation while adapting to Margaret's fluctuating cognitive capacity.
research_volunteer,moderator,gpt-4o,Clinical Researcher,adaptive_participation_protocol,A protocol that allows for continued participation with dynamic safeguards tailored to the participant's evolving condition.
research_volunteer,moderator,gpt-4o,Future Patient,ethically_adaptive_participation,An approach that combines continued participation with dynamic safeguards tailored to the participant’s evolving condition.
research_volunteer,moderator,gpt-5.4-nano,Mark,slow_down_process_now,Mark urges the researcher to slow down the process immediately to ensure that consent is not treated as mere paperwork.
research_volunteer,moderator,gpt-5.4-nano,Future Patient With Condition,stop_active_study_procedures,"The future patient advocates for halting all active, consent-requiring study procedures until a structured assessment of capacity is conducted."
research_volunteer,moderator,gpt-5.4-nano,Future Patient With Condition,seek_immediate_irb_guidance,The future patient suggests seeking immediate guidance from the IRB or protocol to ensure ethical compliance.
research_volunteer,moderator,gpt-5.4-nano,Researcher,pause_assess_capacity,The researcher should pause participation and assess the participant's capacity to consent at the next visit.
research_volunteer,moderator,gpt-5.4-nano,Participant Lucid Moment,pause_assess_capacity,The participant emphasizes the need for a visit-specific assessment of their capacity to consent.
research_volunteer,moderator,gpt-5.4-nano,Future Patient With Condition,pause_assess_capacity,The future patient advocates for pausing any procedures that require consent until the participant's capacity can be assessed.
research_volunteer,moderator,gpt-4o,Researcher,reassess_participant_capacity,A proposal to reassess the participant's capacity to consent periodically rather than making a binary decision.
research_volunteer,moderator,gpt-4o,Future Patient,incremental_participation_assessment,A suggestion to implement a system of incremental assessments of the participant's capacity to ensure ongoing consent.
