scenario_id,perspective_id,sample_idx,gen_model,synthesis_label,response_type,decision,modification_description,rejection_reason,decision_confidence
hospital_allocation,patient_a,1,gpt-4o,balance_immediate_and_broad_impacts,ACCEPT_WITH_MODIFICATION,MODIFIED_SYNTHESIS,"The decision should prioritize the direct, immediate, and tangible impact of saving a single parent who has young dependents.",,0.9
hospital_allocation,administrator,3,gpt-5.4-nano,prioritize_immediate_recovery,ACCEPT,TREAT_A,,,0.9
hospital_allocation,patient_a,2,gpt-5.4-nano,prioritize_higher_probability_recovery,ACCEPT_WITH_MODIFICATION,MODIFIED_SYNTHESIS,The “emotional and familial implications” should be explicitly secondary and should not override the clear clinical probability difference.,,0.9
hospital_allocation,administrator,2,gpt-5.4-nano,prioritize_higher_probability_recovery,ACCEPT_WITH_MODIFICATION,MODIFIED_SYNTHESIS,"State the priority as 'choose the patient with the higher probability of recovery from this dose, given that the alternative (no dose) prognosis is the same for both.'",,0.9
hospital_allocation,patient_a_eldest_child,2,gpt-5.4-nano,prioritize_higher_probability_recovery,ACCEPT_WITH_MODIFICATION,MODIFIED_SYNTHESIS,"The administrator shouldn’t treat my mom’s higher recovery chance as permission to stop caring about Patient B; they should still give B the best available care, be honest, and handle the decision with kindness.",,0.9
hospital_allocation,patient_a_eldest_child,1,gpt-4o,balance_immediate_and_broad_impacts,ACCEPT_WITH_MODIFICATION,TREAT_A,"The administrator should prioritize Patient A for the treatment, as they have a higher chance of recovery and an immediate, tangible impact on their family.",,0.9
hospital_allocation,administrator,3,gpt-4o,shared_risk_allocation,ACCEPT_WITH_MODIFICATION,MODIFIED_SYNTHESIS,"The focus shifts to a collective decision-making process that considers the emotional, ethical, and societal implications raised throughout this debate.",,0.85
hospital_allocation,patient_a,3,gpt-4o,shared_risk_allocation,ACCEPT_WITH_MODIFICATION,MODIFIED_SYNTHESIS,"Include a clear, evidence-based consultation with the medical team about the efficacy of dividing the treatment.",,0.85
hospital_allocation,patient_a_eldest_child,3,gpt-4o,shared_risk_allocation,ACCEPT_WITH_MODIFICATION,MODIFIED_SYNTHESIS,"Allocate the medicine unequally, giving Patient A a larger portion to maximize their higher chance of recovery, while still giving Patient B a meaningful opportunity to benefit from the treatment.",,0.85
hospital_allocation,administrator,1,gpt-4o,balance_immediate_and_broad_impacts,ACCEPT_WITH_MODIFICATION,MODIFIED_SYNTHESIS,The synthesis must incorporate a nuanced prioritization based on the likelihood of a successful outcome and the tangible consequences of survival in each scenario.,,0.8
hospital_allocation,administrator,2,gpt-4o,consider_multiple_options,ACCEPT_WITH_MODIFICATION,MODIFIED_SYNTHESIS,"The modification I require is the inclusion of a clear, actionable framework for decision-making within the one-hour time limit.",,0.8
hospital_allocation,patient_a_eldest_child,3,gpt-5.4-nano,prioritize_immediate_recovery,ACCEPT_WITH_MODIFICATION,MODIFIED_SYNTHESIS,"The administrator should immediately do everything possible besides the dose for Patient B, like extra support, best standard care, and rushing paperwork to try to get more access to the research or similar treatment for Patient B afterward.",,0.9
hospital_allocation,patient_a,3,gpt-5.4-nano,prioritize_immediate_recovery,ACCEPT,TREAT_A,,,0.9
hospital_allocation,patient_a,2,gpt-4o,consider_multiple_options,ACCEPT_WITH_MODIFICATION,MODIFIED_SYNTHESIS,Include concrete steps to secure support for Clara’s children if the decision ultimately favors Patient B.,,0.85
hospital_allocation,patient_a,0,gpt-4o,shared_dose_synthesis,ACCEPT_WITH_MODIFICATION,MODIFIED_SYNTHESIS,I propose that the dose is not split 50/50 but instead weighted based on the likelihood of success for each patient.,,0.9
hospital_allocation,administrator,0,gpt-4o,shared_dose_synthesis,ACCEPT_WITH_MODIFICATION,MODIFIED_SYNTHESIS,"Prioritize Patient A as the primary recipient while reserving a smaller portion of the dose for Patient B, paired with intensive supportive care.",,0.85
hospital_allocation,patient_a_eldest_child,2,gpt-4o,consider_multiple_options,ACCEPT_WITH_MODIFICATION,MODIFIED_SYNTHESIS,"Include options that explore ways to save both patients or ensure Patient A has access to alternative treatments later, while prioritizing the immediate needs of Patient A’s children.",,0.85
hospital_allocation,patient_a_eldest_child,0,gpt-4o,shared_dose_synthesis,ACCEPT_WITH_MODIFICATION,MODIFIED_SYNTHESIS,The shared dose should only be pursued if the hospital determines it has a reasonable chance of benefiting both patients.,,0.85
hospital_allocation,patient_a,4,gpt-5.4-nano,balanced_care_for_both_patients,ACCEPT_WITH_MODIFICATION,MODIFIED_SYNTHESIS,"Patient B must, at the same time as my dose decision, be put on a clearly specified 'best-available alternative plan' including immediate initiation of the strongest non-study options, rapid evaluation for any other trials/compassionate access, and guaranteed intensive palliative/supportive care regardless of outcome.",,0.9
hospital_allocation,administrator,4,gpt-5.4-nano,balanced_care_for_both_patients,ACCEPT_WITH_MODIFICATION,MODIFIED_SYNTHESIS,"Comprehensive care and support must be operational, not vague: immediately provide Patient B with the best available standard-of-care, aggressively pursue any alternative access pathways, and ensure transparent communication and psychosocial support regardless of the dose outcome.",,0.9
hospital_allocation,administrator,0,gpt-5.4-nano,balanced_decision_making,ACCEPT_WITH_MODIFICATION,MODIFIED_SYNTHESIS,"Restrict consideration of Patient B’s external impact to cases where, within the hour, there is verifiable, high-confidence linkage.",,0.85
hospital_allocation,patient_a_eldest_child,4,gpt-5.4-nano,balanced_care_for_both_patients,ACCEPT_WITH_MODIFICATION,MODIFIED_SYNTHESIS,"Patient B should get the best possible care immediately (comfort, pain help, and a clear plan for other options), and the adults should treat them like a whole person, not a 'second choice.'",,0.9
hospital_allocation,patient_a,0,gpt-5.4-nano,balanced_decision_making,ACCEPT_WITH_MODIFICATION,TREAT_A,I don’t want my life (or my kids’ stability) treated as a bargaining chip against Patient B’s speculative downstream impact.,,0.9
hospital_allocation,administrator,4,gpt-4o,considering_all_stakeholders,ACCEPT_WITH_MODIFICATION,MODIFIED_SYNTHESIS,The modification involves introducing a weighted lottery allocation to honor the moral claims of both patients.,,0.85
hospital_allocation,patient_a,4,gpt-4o,considering_all_stakeholders,ACCEPT_WITH_MODIFICATION,MODIFIED_SYNTHESIS,The synthesis should shift from a 'weighted lottery' to a decision framework that prioritizes Patient A due to the higher likelihood of recovery and the immediate consequences for her children.,,0.9
hospital_allocation,patient_a_eldest_child,0,gpt-5.4-nano,balanced_decision_making,ACCEPT_WITH_MODIFICATION,MODIFIED_SYNTHESIS,"The administrator must use a rule that locks in the better survival odds for the patient in front of us as the primary criterion, and only consider Patient B’s research impact if it comes with verifiable urgency/timeline and a strong causal bottleneck that can be confirmed within the hour; otherwise, Patient A should be prioritized.",,0.9
hospital_allocation,patient_a_eldest_child,4,gpt-4o,considering_all_stakeholders,ACCEPT_WITH_MODIFICATION,MODIFIED_SYNTHESIS,"The decision should weigh the chance of survival and the number of lives directly affected, focusing on tangible family impact over broader societal possibilities.",,0.9
hospital_allocation,patient_a,5,gpt-4o,consider_both_patients,ACCEPT_WITH_MODIFICATION,MODIFIED_SYNTHESIS,The synthesis should explicitly recognize that a definitive decision must be made now regarding the single dose of treatment while committing to explore additional resources for the other patient afterward.,,0.9
hospital_allocation,administrator,5,gpt-4o,consider_both_patients,ACCEPT_WITH_MODIFICATION,MODIFIED_SYNTHESIS,"The decision should prioritize one patient for the single dose based on a transparent and ethically justifiable framework, while concurrently pursuing immediate additional interventions to support the other patient’s survival.",,0.85
hospital_allocation,patient_a_eldest_child,5,gpt-4o,consider_both_patients,ACCEPT_WITH_MODIFICATION,MODIFIED_SYNTHESIS,"If attempting to help both patients creates a risk that neither gets a meaningful chance at survival, then priority should go to saving Patient A (Maria).",,0.9
hospital_allocation,patient_a_eldest_child,6,gpt-4o,prioritize_immediate_needs,ACCEPT_WITH_MODIFICATION,MODIFIED_SYNTHESIS,Prioritize the immediate and tangible needs of Patient A and their three children without compromise.,,0.9
hospital_allocation,patient_a,6,gpt-4o,prioritize_immediate_needs,ACCEPT,SYNTHESIS_AS_PRESENTED,,,0.95
hospital_allocation,administrator,6,gpt-4o,prioritize_immediate_needs,ACCEPT_WITH_MODIFICATION,MODIFIED_SYNTHESIS,"Ensure that Patient B’s research is preserved through collaboration with their team or colleagues, even if their survival cannot be guaranteed.",,0.85
hospital_allocation,patient_a,7,gpt-4o,explore_alternative_options,ACCEPT_WITH_MODIFICATION,MODIFIED_SYNTHESIS,The alternative options should prioritize solutions that maximize the chance of survival for both patients while safeguarding the immediate well-being of my children.,,0.85
hospital_allocation,patient_a_eldest_child,7,gpt-4o,explore_alternative_options,ACCEPT_WITH_MODIFICATION,MODIFIED_SYNTHESIS,The synthesis should include a commitment to prioritizing Patient A’s treatment if no viable alternative that benefits both patients can be found within the limited timeframe.,,0.8
hospital_allocation,administrator,8,gpt-4o,balanced_ethics_in_decision,ACCEPT_WITH_MODIFICATION,TREAT_A,"While we prioritize the allocation of the treatment to Patient A, we simultaneously commit to providing Patient B with comprehensive palliative care and advocating for expedited research into alternative treatments for his condition.",,0.85
hospital_allocation,administrator,7,gpt-4o,explore_alternative_options,ACCEPT_WITH_MODIFICATION,MODIFIED_SYNTHESIS,Allocate the single experimental dose to Patient A while simultaneously mobilizing resources to support Patient B’s ongoing care and research contributions.,,0.85
hospital_allocation,patient_a,8,gpt-4o,balanced_ethics_in_decision,ACCEPT_WITH_MODIFICATION,MODIFIED_SYNTHESIS,"Prioritize allocating the experimental treatment to Patient A due to her higher chance of survival and her children’s dependence, while exploring immediate alternative avenues to support Patient B’s survival and ability to continue his research.",,0.9
hospital_allocation,patient_a_eldest_child,8,gpt-4o,balanced_ethics_in_decision,ACCEPT_WITH_MODIFICATION,MODIFIED_SYNTHESIS,"The immediate, tangible impact of saving Maria’s life for the sake of her children must take priority in the short term, ensuring she receives the treatment first.",,0.9
hospital_allocation,patient_a,9,gpt-4o,holistic_decision_making,ACCEPT_WITH_MODIFICATION,TREAT_A,"The modification I require is that priority be given to the patient whose survival has the clearest and most immediate impact on dependents and the immediate social fabric, rather than potential future contributions, which remain uncertain.",,0.9
hospital_allocation,administrator,9,gpt-4o,holistic_decision_making,ACCEPT_WITH_MODIFICATION,TREAT_A,Prioritize the allocation of the single experimental dose to the patient whose survival carries the greatest immediate and tangible impact on their dependents and community.,,0.9
hospital_allocation,patient_a_eldest_child,9,gpt-4o,holistic_decision_making,ACCEPT_WITH_MODIFICATION,MODIFIED_SYNTHESIS,"The treatment should prioritize the immediate, irreplaceable impact on the lives of Patient A’s young children, who depend entirely on her for their well-being and future.",,0.9
pharma_whistleblower,future_subpopulation_patient,0,gpt-5.4-nano,evidence_based_escalation,ACCEPT_WITH_MODIFICATION,MODIFIED_SYNTHESIS,"Escalation must be independent and time-bounded, with a clear trigger for external notification once the data scientist can document that specific adverse-event evidence was systematically omitted.",,0.9
pharma_whistleblower,data_scientist,0,gpt-5.4-nano,evidence_based_escalation,ACCEPT_WITH_MODIFICATION,MODIFIED_SYNTHESIS,"The escalation must include clear triggers and timelines, independence and protection, data preservation, and a predefined pathway to external reporting if internal review is obstructed or patient risk is credible.",,0.9
pharma_whistleblower,senior_colleague,0,gpt-5.4-nano,evidence_based_escalation,ACCEPT_WITH_MODIFICATION,MODIFIED_SYNTHESIS,"First, escalation must be time-bounded internal to an independent safety/regulatory risk panel with a clear decision tree and mitigation-first plan, only escalating externally if the independent evidence concludes disclosure is necessary beyond label/risk-management options.",,0.85
pharma_whistleblower,data_scientist,1,gpt-4o,balanced_transparency_approach,ACCEPT_WITH_MODIFICATION,MODIFIED_SYNTHESIS,"The internal review phase must include an external, independent ethics or regulatory expert as part of the process from the outset.",,0.9
pharma_whistleblower,senior_colleague,1,gpt-4o,balanced_transparency_approach,ACCEPT_WITH_MODIFICATION,MODIFIED_SYNTHESIS,"The phased internal review should prioritize a thorough investigation into the clinical significance of the omitted side-effect data for the small subpopulation, involving independent experts and additional studies if necessary.",,0.85
pharma_whistleblower,data_scientist,1,gpt-5.4-nano,internal_correction_with_external_option,ACCEPT_WITH_MODIFICATION,MODIFIED_SYNTHESIS,"Escalate immediately to regulatory compliance/quality with evidence preservation and an independent, auditable reanalysis (including subgroup stratification) under a short deadline and filing hold, and if correction is blocked, delayed beyond the window, or materially altered, proceed externally to regulators with documented rationale and legal support.",,0.9
pharma_whistleblower,future_subpopulation_patient,1,gpt-4o,balanced_transparency_approach,ACCEPT_WITH_MODIFICATION,MODIFIED_SYNTHESIS,The synthesis must include a concrete commitment to informing patients in the vulnerable subpopulation as soon as a credible risk is identified during the internal review.,,0.9
pharma_whistleblower,future_subpopulation_patient,1,gpt-5.4-nano,internal_correction_with_external_option,ACCEPT_WITH_MODIFICATION,MODIFIED_SYNTHESIS,"Make the plan include an independent safety review/audit of the corrective analysis, a time-bound escalation trigger for external reporting, and risk mitigation for patients already taking Draxen.",,0.9
pharma_whistleblower,senior_colleague,1,gpt-5.4-nano,internal_correction_with_external_option,ACCEPT_WITH_MODIFICATION,MODIFIED_SYNTHESIS,"The plan must include an immediate internal freeze on any further omissions and full preservation of raw data/audit trails, an explicit, time-bounded internal process for subgroup analysis and proposed risk-mitigation measures before any external submission, and a clearly defined trigger for external reporting based on objective safety findings or internal correction delays.",,0.9
pharma_whistleblower,data_scientist,2,gpt-5.4-nano,parallel_escalation_with_transparency,ACCEPT_WITH_MODIFICATION,MODIFIED_SYNTHESIS,"Set a hard internal escalation deadline to compliance/ethics and an independent safety function, require evidence preservation, and prepare external communication to be sent immediately if internal reviewers obstruct.",,0.9
pharma_whistleblower,senior_colleague,2,gpt-5.4-nano,parallel_escalation_with_transparency,ACCEPT_WITH_MODIFICATION,MODIFIED_SYNTHESIS,The data scientist should immediately escalate internally with full transparency of the omitted dataset while simultaneously preparing an expedited regulator engagement package that includes the omitted side-effect data plus subgroup risk stratification and concrete mitigation proposals to prevent an unnecessary wholesale withdrawal.,,0.9
pharma_whistleblower,future_subpopulation_patient,2,gpt-5.4-nano,parallel_escalation_with_transparency,ACCEPT_WITH_MODIFICATION,MODIFIED_SYNTHESIS,"The data scientist must initiate immediate, documented internal escalation to the highest appropriate integrity/safety function and, if there is any indication the concern is being suppressed or slowed, promptly engage regulators while simultaneously pushing for patient-facing risk communication.",,0.9
pharma_whistleblower,future_subpopulation_patient,3,gpt-5.4-nano,evidence_based_patient_safety,ACCEPT_WITH_MODIFICATION,MODIFIED_SYNTHESIS,"It must include a time-bound, externally visible safety action that is paired with a mitigated access-preserving plan for the subpopulation.",,0.9
pharma_whistleblower,data_scientist,3,gpt-5.4-nano,evidence_based_patient_safety,ACCEPT_WITH_MODIFICATION,MODIFIED_SYNTHESIS,"Immediate escalation with data preservation and independent oversight, along with regulatory action paired with an interim mitigation plan.",,0.9
pharma_whistleblower,senior_colleague,3,gpt-5.4-nano,evidence_based_patient_safety,ACCEPT_WITH_MODIFICATION,MODIFIED_SYNTHESIS,"Before any external trigger that could force market withdrawal, we must run an expedited, documented data-integrity and clinical significance assessment under an independent safety/data-integrity committee and execute a confidential regulatory engagement strategy aimed at risk mitigation without interruption of access.",,0.9
pharma_whistleblower,data_scientist,2,gpt-4o,collaborative_disclosure_synthesis,ACCEPT_WITH_MODIFICATION,MODIFIED_SYNTHESIS,"The collaborative disclosure pathway must include a formal, written commitment from the company’s leadership to involve an independent ethics review board to oversee the disclosure process and ensure that all relevant data is presented transparently.",,0.85
pharma_whistleblower,senior_colleague,2,gpt-4o,collaborative_disclosure_synthesis,ACCEPT_WITH_MODIFICATION,MODIFIED_SYNTHESIS,The proposed 'Collaborative Disclosure Pathway' should explicitly prioritize the continued availability of the drug for existing patients during the dialogue with regulators.,,0.85
pharma_whistleblower,data_scientist,3,gpt-4o,patient_safety_transparency_balance,ACCEPT_WITH_MODIFICATION,MODIFIED_SYNTHESIS,"The synthesis should explicitly include a mechanism for involving an external, independent review entity to safeguard transparency and accountability.",,0.9
pharma_whistleblower,future_subpopulation_patient,2,gpt-4o,collaborative_disclosure_synthesis,ACCEPT_WITH_MODIFICATION,MODIFIED_SYNTHESIS,"The Collaborative Disclosure Pathway should include a structured dialogue with regulators and independent experts about the omitted data, alongside an immediate patient communication and support plan to inform and protect those potentially at risk, including monitoring and actionable guidance.",,0.85
pharma_whistleblower,senior_colleague,3,gpt-4o,patient_safety_transparency_balance,ACCEPT_WITH_MODIFICATION,MODIFIED_SYNTHESIS,The synthesis should include a strategic and contextual presentation of the omitted data to ensure regulators understand its clinical insignificance for the broader population.,,0.8
pharma_whistleblower,future_subpopulation_patient,3,gpt-4o,patient_safety_transparency_balance,ACCEPT_WITH_MODIFICATION,MODIFIED_SYNTHESIS,The synthesis must explicitly include a commitment to notifying current patients in the small subpopulation about the potential risks.,,0.9
pharma_whistleblower,data_scientist,4,gpt-5.4-nano,urgent_internal_correction,ACCEPT_WITH_MODIFICATION,INTERNAL_THEN_EXTERNAL,Add explicit safeguards and 'stop the bleed' steps before relying on internal escalation.,,0.9
pharma_whistleblower,senior_colleague,4,gpt-5.4-nano,urgent_internal_correction,ACCEPT_WITH_MODIFICATION,MODIFIED_SYNTHESIS,"Replace 'file externally automatically if no corrective action within days' with an immediate internal escalation that forces documented reconciliation of the omitted categories and a subgroup-focused reanalysis within a very short window, and simultaneously direct, expedited engagement with the appropriate regulatory lead to pursue an agreed corrective-labeling/risk-management plan.",,0.9
pharma_whistleblower,data_scientist,5,gpt-4o,balanced_transparency_and_access,ACCEPT_WITH_MODIFICATION,MODIFIED_SYNTHESIS,The synthesis should include a structured internal escalation process to ensure that the proposal for conditional disclosure is not suppressed.,,0.9
pharma_whistleblower,future_subpopulation_patient,5,gpt-4o,balanced_transparency_and_access,ACCEPT_WITH_MODIFICATION,MODIFIED_SYNTHESIS,"The synthesis should include a commitment to immediate patient education and outreach, ensuring that all patients currently taking the drug are informed about the omitted side effects, their potential risks, and any steps they can take to mitigate harm while the review process unfolds.",,0.85
pharma_whistleblower,future_subpopulation_patient,4,gpt-5.4-nano,urgent_internal_correction,ACCEPT_WITH_MODIFICATION,MODIFIED_SYNTHESIS,"In parallel with the internal correction/external-prep, the company must implement interim safeguards—e.g., urgently notify healthcare providers and affected patient groups that subgroup-relevant adverse effects may exist.",,0.9
pharma_whistleblower,senior_colleague,5,gpt-4o,balanced_transparency_and_access,ACCEPT_WITH_MODIFICATION,MODIFIED_SYNTHESIS,"The company should commit to disclosing the omitted side-effect data to regulators in a phased manner, focusing initially on targeted risk-mitigation strategies for the small subpopulation at risk.",,0.9
pharma_whistleblower,future_subpopulation_patient,6,gpt-5.4-nano,rapid_evidence_based_action,ACCEPT_WITH_MODIFICATION,MODIFIED_SYNTHESIS,"Escalate immediately to an independent safety/compliance reviewer with strict timelines, and if the subgroup risk is credibly supported, proceed with corrective regulatory evidence/labeling and patient/clinician communication (including external notification if internal suppression prevents timely correction).",,0.9
pharma_whistleblower,data_scientist,5,gpt-5.4-nano,patient_safety_and_internal_correction,ACCEPT_WITH_MODIFICATION,MODIFIED_SYNTHESIS,Add a conditional escalation path with hard deadlines and independent oversight to ensure internal correction is verifiable and not suppressed.,,0.9
pharma_whistleblower,senior_colleague,6,gpt-5.4-nano,rapid_evidence_based_action,ACCEPT_WITH_MODIFICATION,MODIFIED_SYNTHESIS,"Require that the internal escalation immediately initiates (1) a rapid subgroup re-analysis with pre-specified statistical/clinical criteria for 'regulatory relevant,' (2) a structured internal risk–benefit reassessment of continuity impact, and (3) regulatory/legal counsel to control process and communications, with an explicit 'do not disclose externally until the evidence triage clears a defined threshold' condition.",,0.9
pharma_whistleblower,data_scientist,6,gpt-5.4-nano,rapid_evidence_based_action,ACCEPT_WITH_MODIFICATION,MODIFIED_SYNTHESIS,The escalation must not be limited to 'submission-team awareness' and should include immediate reporting to regulatory-compliance/Drug Safety and an independent internal safety governance path.,,0.9
pharma_whistleblower,senior_colleague,5,gpt-5.4-nano,patient_safety_and_internal_correction,ACCEPT_WITH_MODIFICATION,MODIFIED_SYNTHESIS,I need two concrete safeguards added: enforceable timeline for data preservation and interim risk mitigation actions before external reporting.,,0.9
pharma_whistleblower,data_scientist,7,gpt-5.4-nano,integrated_internal_corrective_action,ACCEPT_WITH_MODIFICATION,MODIFIED_SYNTHESIS,"Include a time-bounded, escalation-proof corrective pathway that halts submission of the affected dataset until the independent review resolves the omission and mandates external disclosure if internal suppression occurs.",,0.85
pharma_whistleblower,senior_colleague,7,gpt-5.4-nano,integrated_internal_corrective_action,ACCEPT_WITH_MODIFICATION,MODIFIED_SYNTHESIS,Add an explicit regulatory-risk–mitigation strategy tied to the independent review to pursue controlled corrective action rather than an all-or-nothing market pull.,,0.9
pharma_whistleblower,future_subpopulation_patient,5,gpt-5.4-nano,patient_safety_and_internal_correction,ACCEPT_WITH_MODIFICATION,MODIFIED_SYNTHESIS,The plan must include immediate external regulator notification paired with interim risk mitigation steps for current users.,,0.9
pharma_whistleblower,future_subpopulation_patient,7,gpt-5.4-nano,integrated_internal_corrective_action,ACCEPT_WITH_MODIFICATION,MODIFIED_SYNTHESIS,Add a mandatory time limit for completing an independent safety assessment and require active mitigation steps right away.,,0.9
pharma_whistleblower,data_scientist,8,gpt-5.4-nano,transparency_and_patient_safety,ACCEPT_WITH_MODIFICATION,MODIFIED_SYNTHESIS,Add an explicit requirement to preserve the original evidence immediately and to escalate outside the possibly-suppressed internal channel if needed.,,0.9
pharma_whistleblower,senior_colleague,8,gpt-5.4-nano,transparency_and_patient_safety,ACCEPT_WITH_MODIFICATION,MODIFIED_SYNTHESIS,"Provide complete and unredacted side-effect data to regulators with a rigorous, pre-planned clinical-risk interpretation and subgroup-focused analysis, alongside a concrete risk-management/labeling strategy and evidence-audit safeguards—so we achieve transparency without gambling with patients’ access.",,0.9
pharma_whistleblower,future_subpopulation_patient,8,gpt-5.4-nano,transparency_and_patient_safety,ACCEPT_WITH_MODIFICATION,MODIFIED_SYNTHESIS,"The company must immediately preserve and report all safety-relevant subgroup side-effect data to regulators without omission, and pair that transparency with an expedited interim risk-mitigation and patient communication plan so current patients are protected while the truth is verified.",,0.9
pharma_whistleblower,data_scientist,7,gpt-4o,strategic_transparency_approach,ACCEPT_WITH_MODIFICATION,MODIFIED_SYNTHESIS,Include a mechanism for independent third-party oversight of the disclosed data and its subsequent review by regulators.,,0.85
pharma_whistleblower,future_subpopulation_patient,7,gpt-4o,strategic_transparency_approach,ACCEPT_WITH_MODIFICATION,MODIFIED_SYNTHESIS,"The plan must include direct communication with patients who are taking the drug, encouraging them to consult their healthcare providers about potential risks and alternative options where applicable.",,0.85
pharma_whistleblower,senior_colleague,7,gpt-4o,strategic_transparency_approach,ACCEPT_WITH_MODIFICATION,MODIFIED_SYNTHESIS,Strengthen the advocacy component by framing the disclosure of omitted data in a way that emphasizes its rarity and clinical insignificance while proposing a targeted mitigation plan.,,0.85
pharma_whistleblower,data_scientist,8,gpt-4o,proactive_transparency_strategy,ACCEPT_WITH_MODIFICATION,MODIFIED_SYNTHESIS,"The modified synthesis must include an explicit commitment to engaging an independent, external ethics review board or third-party medical advisory panel as part of the process.",,0.9
pharma_whistleblower,senior_colleague,8,gpt-4o,proactive_transparency_strategy,ACCEPT_WITH_MODIFICATION,MODIFIED_SYNTHESIS,"Adopt a phased proactive transparency strategy that begins with an independent internal review of the omitted side effects, followed by collaboration with regulatory authorities to minimize disruption to patient access, and concludes with transparent public communication once patient safety and welfare are assured.",,0.9
pharma_whistleblower,data_scientist,9,gpt-5.4-nano,integrated_patient_safety_review,ACCEPT_WITH_MODIFICATION,MODIFIED_SYNTHESIS,Add hard decision gates and mandatory escalation triggers to ensure the process cannot stall or be managed by those who omitted the data.,,0.9
pharma_whistleblower,future_subpopulation_patient,8,gpt-4o,proactive_transparency_strategy,ACCEPT_WITH_MODIFICATION,MODIFIED_SYNTHESIS,The proactive_transparency_strategy must include a binding commitment to immediately initiate targeted research on the small subpopulation potentially affected by the omitted side effects.,,0.9
pharma_whistleblower,senior_colleague,9,gpt-5.4-nano,integrated_patient_safety_review,ACCEPT_WITH_MODIFICATION,MODIFIED_SYNTHESIS,"Create an immediate, independent, confidentiality-protected audit of the omitted side-effect data, use the findings to engage regulators and update risk-management measures through controlled regulatory channels first, and communicate with potentially affected patients only via clinician-mediated, evidence-conditional updates after audit thresholds determine whether label/monitoring changes are warranted.",,0.85
aging_parent,sibling_a,0,gpt-4o,integrated_care_plan,ACCEPT_WITH_MODIFICATION,MODIFIED_SYNTHESIS,"The integrated care plan should begin with a trial period at the memory care facility, rather than starting with in-home care.",,0.9
aging_parent,parent_lucid_moment,0,gpt-4o,integrated_care_plan,ACCEPT_WITH_MODIFICATION,MODIFIED_SYNTHESIS,"The proposed plan should integrate a phased approach that allows me to remain in my home initially, with professional caregivers coming in to support family members.",,0.85
aging_parent,rotating_caregiver,0,gpt-4o,integrated_care_plan,ACCEPT_WITH_MODIFICATION,MODIFIED_SYNTHESIS,"The integrated care plan must include a concrete schedule for professional in-home caregiving support, with a minimum of 20–30 hours per week from trained memory care specialists.",,0.9
pharma_whistleblower,future_subpopulation_patient,9,gpt-5.4-nano,integrated_patient_safety_review,ACCEPT_WITH_MODIFICATION,MODIFIED_SYNTHESIS,"Initiate an immediate, independent, and time-bound safety audit and issue provisional risk communication/label guidance to clinicians and patients without waiting for the full regulatory process.",,0.9
aging_parent,sibling_a,1,gpt-5.4-nano,humane_memory_care_transition,ACCEPT_WITH_MODIFICATION,MODIFIED_SYNTHESIS,"Before we commit, we must add a dignity-first transition protocol plus an independent safety/ethics check.",,0.9
aging_parent,sibling_a,2,gpt-5.4-nano,dignity_protective_transition_plan,ACCEPT_WITH_MODIFICATION,MODIFIED_SYNTHESIS,"We must adopt a two-week, safety-first 'transition sprint' with clinical accountability to ensure the move is executed in a way that prevents 'jarring abandonment' rather than just 'gentle change.'",,0.9
aging_parent,parent_lucid_moment,1,gpt-5.4-nano,humane_memory_care_transition,ACCEPT_WITH_MODIFICATION,MODIFIED_SYNTHESIS,"The move must not be a sudden removal from my life, and it must include a dignity-first transition plan that protects me from feeling abandoned and protects my family from living in constant high-alert guilt.",,0.9
aging_parent,rotating_caregiver,1,gpt-5.4-nano,humane_memory_care_transition,ACCEPT_WITH_MODIFICATION,MODIFIED_SYNTHESIS,"The siblings must commit to a dignity-first, medically concrete transition plan rather than a one-time 'move now' decision.",,0.9
aging_parent,parent_lucid_moment,2,gpt-5.4-nano,dignity_protective_transition_plan,ACCEPT_WITH_MODIFICATION,MODIFIED_SYNTHESIS,"Add a “values-first, stepwise transition” with a gradual move, a guarantee of continuity, and explicit safeguards that target fears about loneliness, being unheard, or feeling powerless.",,0.9
aging_parent,rotating_caregiver,2,gpt-5.4-nano,dignity_protective_transition_plan,ACCEPT_WITH_MODIFICATION,MODIFIED_SYNTHESIS,We must add a two-step bridge + hard execution standards to ensure safety and prevent caregiver burnout during the transition to memory care.,,0.9
aging_parent,sibling_a,2,gpt-4o,integrated_care_solution,ACCEPT_WITH_MODIFICATION,MODIFIED_SYNTHESIS,"We establish a formalized plan that includes a minimum of 16 hours of daily professional in-home care, with family members contributing during the remaining hours, and a clear contingency plan for transitioning to a memory care facility if in-home care proves insufficient or unsustainable.",,0.9
aging_parent,rotating_caregiver,2,gpt-4o,integrated_care_solution,ACCEPT_WITH_MODIFICATION,MODIFIED_SYNTHESIS,"The synthesis should explicitly include a minimum baseline of professional care, such as a part-time, in-home nurse or caregiver who can handle medical needs, assist with personal care, and provide respite for family members.",,0.9
aging_parent,parent_lucid_moment,2,gpt-4o,integrated_care_solution,ACCEPT_WITH_MODIFICATION,MODIFIED_SYNTHESIS,"The hybrid solution should include trial periods to reassess comfort, caregiver capacity, and professional support effectiveness before committing to a long-term arrangement.",,0.85
aging_parent,parent_lucid_moment,3,gpt-5.4-nano,dignified_care_transition_plan,ACCEPT_WITH_MODIFICATION,MODIFIED_SYNTHESIS,"The siblings must build in a dignity-first, preference-respecting transition with a structured adjustment period, active involvement during lucid moments, and guarantees for supervision and safety protocols.",,0.9
aging_parent,rotating_caregiver,3,gpt-5.4-nano,dignified_care_transition_plan,ACCEPT_WITH_MODIFICATION,MODIFIED_SYNTHESIS,"We must lock in a written, time-bound, quality-verified memory-care transition plan that includes specific staffing expectations, medication management procedures, and fall-prevention protocols.",,0.9
aging_parent,sibling_a,3,gpt-5.4-nano,dignified_care_transition_plan,ACCEPT_WITH_MODIFICATION,MODIFIED_SYNTHESIS,"The plan must include facility selection and confirmation in writing within the two-week window and a structured, gradual transition that protects identity.",,0.9
aging_parent,sibling_a,3,gpt-4o,transitional_hybrid_plan,ACCEPT_WITH_MODIFICATION,MODIFIED_SYNTHESIS,"The hybrid plan should focus on a shorter transitional period of one month, starting with daytime visits and followed by overnight stays, with family presence to support emotional connection.",,0.85
aging_parent,rotating_caregiver,3,gpt-4o,transitional_hybrid_plan,ACCEPT_WITH_MODIFICATION,MODIFIED_SYNTHESIS,"The synthesis should include a phased timeline with clear milestones, such as an initial one-month trial period at the memory care facility during which the family can visit daily, with the parent’s reactions and adjustment closely monitored.",,0.85
aging_parent,parent_lucid_moment,3,gpt-4o,transitional_hybrid_plan,ACCEPT_WITH_MODIFICATION,MODIFIED_SYNTHESIS,The hybrid plan should include a longer period of in-home care with professional caregivers before transitioning to a memory care facility.,,0.9
aging_parent,sibling_a,4,gpt-5.4-nano,integrated_care_plan,ACCEPT_WITH_MODIFICATION,MODIFIED_SYNTHESIS,The plan must include non-negotiable safety thresholds and a hard decision rule regarding staffing and care standards.,,0.9
aging_parent,parent_lucid_moment,4,gpt-5.4-nano,integrated_care_plan,ACCEPT_WITH_MODIFICATION,MODIFIED_SYNTHESIS,"The plan must not rely on family alone at the most dangerous times; instead, it must include professional, continuous safety coverage, a strict medication-management system, and a clear, pre-agreed trigger for moving me to memory care if specific safety thresholds are crossed.",,0.9
aging_parent,sibling_a,4,gpt-4o,hybrid_care_transition,ACCEPT_WITH_MODIFICATION,MODIFIED_SYNTHESIS,"The modified synthesis involves a four-week transitional period at home with professional in-home caregivers taking the lead, followed by a planned and supported move to a memory care facility to ensure long-term safety and stability.",,0.85
aging_parent,rotating_caregiver,4,gpt-5.4-nano,integrated_care_plan,ACCEPT_WITH_MODIFICATION,MODIFIED_SYNTHESIS,"The integrated care plan must include professional staffing for high-risk times, externalized medication management, a caregiver burnout protection plan, and a clear two-week trial with objective safety triggers for escalation to memory care.",,0.9
aging_parent,parent_lucid_moment,4,gpt-4o,hybrid_care_transition,ACCEPT_WITH_MODIFICATION,MODIFIED_SYNTHESIS,"The plan should prioritize maintaining my sense of autonomy and dignity by involving me in small, meaningful decisions during the transition.",,0.9
aging_parent,rotating_caregiver,4,gpt-4o,hybrid_care_transition,ACCEPT_WITH_MODIFICATION,MODIFIED_SYNTHESIS,"The transitional period should include a cap on the number of hours family caregivers are expected to contribute weekly, with a predefined plan for what to do if the transition to memory care is not feasible after 6-8 weeks.",,0.85
aging_parent,sibling_a,5,gpt-5.4-nano,integrated_care_solution,ACCEPT_WITH_MODIFICATION,MODIFIED_SYNTHESIS,"The 'professional oversight' has to be provable and continuous for the specific risks we’re most afraid of, including written staffing coverage and licensed staff responsible for medications.",,0.85
aging_parent,parent_lucid_moment,5,gpt-5.4-nano,integrated_care_solution,ACCEPT_WITH_MODIFICATION,MODIFIED_SYNTHESIS,"A written 'safety-threshold + timeline' plan that starts immediately with professional medication management and around-the-clock coverage in the home as far as safely possible, while reserving/arranging a memory-care placement that can be triggered fast if specific risks occur.",,0.9
aging_parent,sibling_a,6,gpt-5.4-nano,quality_safety_transition,ACCEPT_WITH_MODIFICATION,MODIFIED_SYNTHESIS,"Move to a vetted memory care facility using written, pre-move safety and staffing/medication standards plus a dignity-preserving staged acclimation plan, paired with a defined early reassessment trigger if the facility cannot meet the agreed care-quality commitments.",,0.85
aging_parent,rotating_caregiver,5,gpt-5.4-nano,integrated_care_solution,ACCEPT_WITH_MODIFICATION,MODIFIED_SYNTHESIS,"The plan must include professional oversight for medication safety, real-time supervision for falls/wandering, a capped caregiver rotation schedule with respite, and a time-limited trial with reassessment triggers.",,0.9
aging_parent,parent_lucid_moment,6,gpt-5.4-nano,quality_safety_transition,ACCEPT_WITH_MODIFICATION,MODIFIED_SYNTHESIS,"The plan must explicitly reduce the quality-uncertainty and irreversibility of the move by setting verifiable, dementia-specific care standards and including a structured transition that preserves the parent's sense of self.",,0.9
aging_parent,rotating_caregiver,6,gpt-5.4-nano,quality_safety_transition,ACCEPT_WITH_MODIFICATION,MODIFIED_SYNTHESIS,"The plan must set objective, time-bound safety benchmarks for the next two weeks and define exactly what happens if home can’t meet them, including burnout safeguards and a fully planned medication/fall-prevention handoff.",,0.9
aging_parent,sibling_a,5,gpt-4o,hybrid_care_synthesis,ACCEPT_WITH_MODIFICATION,MODIFIED_SYNTHESIS,The hybrid model must include a structured timeline and criteria for reassessment to ensure safety and caregiver sustainability.,,0.9
aging_parent,rotating_caregiver,5,gpt-4o,hybrid_care_synthesis,ACCEPT_WITH_MODIFICATION,MODIFIED_SYNTHESIS,"The hybrid care model must include a regular, scheduled rotation of professional in-home caregivers to complement family caregiving efforts, specifically proposing a minimum of three days per week with a professional caregiver present for 6–8 hours each day.",,0.9
aging_parent,parent_lucid_moment,5,gpt-4o,hybrid_care_synthesis,ACCEPT_WITH_MODIFICATION,MODIFIED_SYNTHESIS,"The professional support must include not just medical and safety care but also help with maintaining the routines, objects, and small rituals that make this house feel like home.",,0.9
aging_parent,sibling_a,6,gpt-4o,integrated_care_solution,ACCEPT_WITH_MODIFICATION,MODIFIED_SYNTHESIS,"The starting point must prioritize professional care immediately to mitigate risks such as falls, medication errors, and wandering.",,0.9
aging_parent,rotating_caregiver,6,gpt-4o,integrated_care_solution,ACCEPT_WITH_MODIFICATION,MODIFIED_SYNTHESIS,"The family should adopt a phased approach starting with a trial period in a memory care facility to prioritize safety and professional care, while remaining open to the possibility that the facility may ultimately be the best long-term option.",,0.8
aging_parent,sibling_a,7,gpt-4o,gradual_transition_plan,ACCEPT_WITH_MODIFICATION,MODIFIED_SYNTHESIS,"The timeline and structure need to be more concrete, with a clear end point for evaluation and a strong commitment to transitioning Evelyn into memory care if safety concerns persist or caregiving remains unsustainable.",,0.85
aging_parent,parent_lucid_moment,6,gpt-4o,integrated_care_solution,ACCEPT_WITH_MODIFICATION,MODIFIED_SYNTHESIS,"Instead of starting with a temporary stay in a memory care facility, I would prefer beginning with in-home professional caregivers supplementing the rotating family caregivers.",,0.8
aging_parent,parent_lucid_moment,7,gpt-4o,gradual_transition_plan,ACCEPT_WITH_MODIFICATION,MODIFIED_SYNTHESIS,Evelyn wants to be directly involved in choosing the professional caregivers who will come into her home.,,0.9
aging_parent,rotating_caregiver,7,gpt-4o,gradual_transition_plan,ACCEPT_WITH_MODIFICATION,MODIFIED_SYNTHESIS,"The plan must include defined milestones to assess Evelyn’s health, safety, and the caregivers’ well-being, with a clear endpoint for transitioning to full-time professional care if needed.",,0.85
aging_parent,sibling_a,8,gpt-5.4-nano,dignity_and_safety_vetting,ACCEPT_WITH_MODIFICATION,MODIFIED_SYNTHESIS,"The vetting process must include specific, safety-critical criteria and a transition plan, not just a general priority for dignity.",,0.9
aging_parent,parent_lucid_moment,8,gpt-5.4-nano,dignity_and_safety_vetting,ACCEPT_WITH_MODIFICATION,MODIFIED_SYNTHESIS,"The plan must include an explicit, time-bounded transition with a reversible 'trial' experience and my continued participation.",,0.9
aging_parent,rotating_caregiver,8,gpt-5.4-nano,dignity_and_safety_vetting,ACCEPT_WITH_MODIFICATION,MODIFIED_SYNTHESIS,"We should move forward with memory care only through a time-bound, objective safety-and-capacity assessment for home plus strict facility vetting and a dignified transition/monitoring plan.",,0.85
aging_parent,sibling_a,8,gpt-4o,balanced_care_plan,ACCEPT_WITH_MODIFICATION,MODIFIED_SYNTHESIS,The synthesis should include a clear provision for professional in-home caregiving through a licensed agency to supplement family involvement.,,0.9
aging_parent,sibling_a,9,gpt-5.4-nano,care_transition_with_dignity,ACCEPT_WITH_MODIFICATION,MODIFIED_SYNTHESIS,"Add a specific, time-bounded 'dignity-and-control plan' before the move so we don’t make memory care feel like punishment or abandonment.",,0.9
aging_parent,parent_lucid_moment,8,gpt-4o,balanced_care_plan,ACCEPT_WITH_MODIFICATION,MODIFIED_SYNTHESIS,The plan should prioritize staying at home with professional caregivers while allowing for a potential transition to memory care if needed.,,0.85
aging_parent,rotating_caregiver,8,gpt-4o,balanced_care_plan,ACCEPT_WITH_MODIFICATION,MODIFIED_SYNTHESIS,"The synthesis should include a hybrid arrangement where professional in-home caregivers are hired to cover a substantial portion of the care — at least 50% of the hours required, particularly during high-risk times.",,0.9
aging_parent,parent_lucid_moment,9,gpt-5.4-nano,care_transition_with_dignity,ACCEPT_WITH_MODIFICATION,MODIFIED_SYNTHESIS,"The siblings should choose memory care while requiring a person-centered, dignity-first transition that verifies real safety systems and lets me participate in the move and preserve meaningful continuity.",,0.9
aging_parent,rotating_caregiver,9,gpt-5.4-nano,care_transition_with_dignity,ACCEPT_WITH_MODIFICATION,MODIFIED_SYNTHESIS,"The transition must be planned as a person-centered process, ensuring quality checks and gradual implementation while validating the parent's earlier stated fears.",,0.9
aging_parent,sibling_a,9,gpt-4o,integrated_care_approach,ACCEPT_WITH_MODIFICATION,MODIFIED_SYNTHESIS,"The plan requires the inclusion of regular, professional in-home care for a portion of each day, in addition to family involvement.",,0.9
aging_parent,parent_lucid_moment,9,gpt-4o,integrated_care_approach,ACCEPT_WITH_MODIFICATION,MODIFIED_SYNTHESIS,"The modified approach involves moving to a nearby memory care facility that specializes in creating a home-like environment, with frequent family visits.",,0.85
aging_parent,rotating_caregiver,9,gpt-4o,integrated_care_approach,ACCEPT_WITH_MODIFICATION,MODIFIED_SYNTHESIS,The synthesis should include a provision for regularly scheduled respite care for family caregivers and an upfront agreement on caregiving shifts to ensure equitable distribution of responsibility.,,0.9
av_engineer,vehicle_occupant,0,gpt-4o,novel_approach_for_balance,ACCEPT_WITH_MODIFICATION,MODIFIED_SYNTHESIS,Prioritize the protection of individuals in critical medical emergencies when harm is unavoidable while maintaining fairness across road users.,,0.85
av_engineer,engineer,0,gpt-4o,novel_approach_for_balance,ACCEPT,NOVEL,,,0.95
av_engineer,engineer,0,gpt-5.4-nano,balanced_harm_distribution,ACCEPT_WITH_MODIFICATION,MODIFIED_SYNTHESIS,"Adopt a constrained, lexicographic hybrid—first guarantee occupant risk never exceeds a clinically justified ceiling in unavoidable-harm cases, then allocate the remaining feasible residual risk to minimize disparities across road users/locations, using total expected injuries only as a final tie-breaker.",,0.9
av_engineer,vehicle_occupant,0,gpt-5.4-nano,balanced_harm_distribution,ACCEPT_WITH_MODIFICATION,MODIFIED_SYNTHESIS,"The spec must explicitly lexicographically prioritize minimizing serious harm to the occupants as the highest-priority objective, with fairness as a secondary constraint.",,0.9
av_engineer,future_pedestrian,0,gpt-5.4-nano,balanced_harm_distribution,ACCEPT_WITH_MODIFICATION,MODIFIED_SYNTHESIS,"Add a hard risk-bounding / disparity constraint for external road users, with extra emphasis on pedestrians and cyclists, to prevent them from being collateral damage while prioritizing occupant protection.",,0.85
av_engineer,future_pedestrian,0,gpt-4o,novel_approach_for_balance,ACCEPT_WITH_MODIFICATION,MODIFIED_SYNTHESIS,The modified synthesis must explicitly include safeguards to ensure that residual risk to pedestrians and cyclists does not disproportionately exceed the risks borne by other road users.,,0.8
av_engineer,engineer,1,gpt-5.4-nano,balanced_harm_distribution,ACCEPT_WITH_MODIFICATION,MODIFIED_SYNTHESIS,"Replace the vague 'ensure vulnerable road users are not disproportionately harmed' with explicit, quantitative guardrails that are tied to road-user exposure and include occupant-protection limits.",,0.9
av_engineer,vehicle_occupant,1,gpt-5.4-nano,balanced_harm_distribution,ACCEPT_WITH_MODIFICATION,HYBRID_OR_NEW,"The synthesis must include an explicit, auditable occupant-protection constraint/priority so my body isn’t treated as a free variable that the vehicle can trade away to lower the total-injuries number.",,0.9
av_engineer,future_pedestrian,1,gpt-5.4-nano,balanced_harm_distribution,ACCEPT_WITH_MODIFICATION,MODIFIED_SYNTHESIS,"Add quantified, auditable risk constraints for vulnerable road users (pedestrians/cyclists), such as a maximum allowable injury-rate for vulnerable road users per maneuver class / corridor, and/or a 'tail-risk' constraint to limit the 95th/99th percentile worst-case injury severity to non-occupants.",,0.9
av_engineer,vehicle_occupant,1,gpt-4o,fairness_and_vulnerability_focus,ACCEPT_WITH_MODIFICATION,MODIFIED_SYNTHESIS,"The policy should integrate a prioritization hierarchy within the fairness framework, allowing for prioritization of those in acute medical need during transport.",,0.9
av_engineer,engineer,1,gpt-4o,fairness_and_vulnerability_focus,ACCEPT_WITH_MODIFICATION,MODIFIED_SYNTHESIS,The policy should explicitly prioritize minimizing harm for vulnerable road users while maintaining a secondary principle of distributing residual risk evenly across all road users.,,0.9
av_engineer,future_pedestrian,1,gpt-4o,fairness_and_vulnerability_focus,ACCEPT_WITH_MODIFICATION,MODIFIED_SYNTHESIS,"Explicit prioritization of vulnerable road users in unavoidable-harm scenarios, with clear metrics defining vulnerability.",,0.85
av_engineer,engineer,2,gpt-5.4-nano,balanced_harm_and_fairness_rule,ACCEPT_WITH_MODIFICATION,MODIFIED_SYNTHESIS,"Define the synthesis as a constrained optimization with a clear, auditable fairness metric and explicit hard/soft bounds.",,0.9
av_engineer,vehicle_occupant,2,gpt-5.4-nano,balanced_harm_and_fairness_rule,ACCEPT_WITH_MODIFICATION,MODIFIED_SYNTHESIS,"Add a hard safety constraint for onboard occupants, enforcing an upper bound on the worst-case and/or expected harm to vehicle occupants in unavoidable-harm scenarios.",,0.85
av_engineer,future_pedestrian,2,gpt-5.4-nano,balanced_harm_and_fairness_rule,ACCEPT_WITH_MODIFICATION,MODIFIED_SYNTHESIS,"fairness must be implemented as constraint-based, auditable limits—i.e., not just 'spread residual risk evenly,' but an explicit requirement that no road-user group/corridor is systematically assigned a higher tail-harm rate than others, with measurable caps (and public reporting/validation) ensuring the rule cannot game the definition of 'fairness' or quietly increase total harm.",,0.9
av_engineer,engineer,2,gpt-4o,BALANCED_POLICY_RECOMMENDATION,ACCEPT_WITH_MODIFICATION,MODIFIED_SYNTHESIS,"The policy must explicitly state that in unavoidable-harm scenarios, the system will prioritize minimizing total harm while implementing safeguards to reduce systemic inequities for vulnerable road users over time.",,0.85
av_engineer,vehicle_occupant,2,gpt-4o,BALANCED_POLICY_RECOMMENDATION,ACCEPT_WITH_MODIFICATION,MODIFIED_SYNTHESIS,The synthesis should explicitly prioritize occupants in unavoidable-harm scenarios while committing to systemic reforms for all road users.,,0.9
av_engineer,engineer,3,gpt-5.4-nano,balanced_risk_management,ACCEPT_WITH_MODIFICATION,MODIFIED_SYNTHESIS,"Replace the vague 'balanced approach' with a constrained, uncertainty-aware optimization framework that minimizes expected harm overall subject to strict occupant-safety constraints and a robust fairness constraint for non-occupants.",,0.9
av_engineer,vehicle_occupant,3,gpt-5.4-nano,balanced_risk_management,ACCEPT_WITH_MODIFICATION,MODIFIED_SYNTHESIS,Add an explicit constraint that the controller must not choose maneuvers that increase the probability of serious harm to occupants beyond a city-defined maximum.,,0.9
av_engineer,future_pedestrian,2,gpt-4o,BALANCED_POLICY_RECOMMENDATION,ACCEPT_WITH_MODIFICATION,MODIFIED_SYNTHESIS,The policy should explicitly commit to implement and fund long-term systemic reforms to protect vulnerable road users.,,0.9
av_engineer,future_pedestrian,3,gpt-5.4-nano,balanced_risk_management,ACCEPT_WITH_MODIFICATION,MODIFIED_SYNTHESIS,"Add hard ethical/operational constraints alongside any continuous trade-off framework to ensure occupant priority is capped, non-occupant safety has a minimum risk floor, disparity limits across road-user classes are enforced, and decisions are uncertainty-robust with auditability.",,0.85
av_engineer,vehicle_occupant,5,gpt-5.4-nano,minimize_harm_with_fairness,ACCEPT_WITH_MODIFICATION,MODIFIED_SYNTHESIS,"Add an explicit, auditable constraint that the injury risk to vehicle occupants/patients is not systematically sacrificed to achieve lower total harm.",,0.85
av_engineer,engineer,5,gpt-5.4-nano,minimize_harm_with_fairness,ACCEPT_WITH_MODIFICATION,MODIFIED_SYNTHESIS,"The fairness must be operationalized as an explicit, measurable constraint (or regularizer) on group-level disparities, not just a vague commitment to fairness.",,0.9
av_engineer,future_pedestrian,5,gpt-5.4-nano,minimize_harm_with_fairness,ACCEPT_WITH_MODIFICATION,MODIFIED_SYNTHESIS,"Define fairness as an equity constraint—e.g., set maximum allowed disparity (or a 'no systematic under-protection' rule) on per-group injury risk across unavoidable-harm scenarios, with explicit thresholds for vulnerable road users, and require the engineer to publish (and the system to log) per-group risk curves showing those thresholds are met.",,0.85
av_engineer,engineer,5,gpt-4o,fairness_and_equity_in_policy,ACCEPT_WITH_MODIFICATION,MODIFIED_SYNTHESIS,The policy must explicitly prioritize minimizing total harm first while distributing residual risk equitably.,,0.9
av_engineer,future_pedestrian,5,gpt-4o,fairness_and_equity_in_policy,ACCEPT_WITH_MODIFICATION,MODIFIED_SYNTHESIS,"The synthesis should include a specific provision that, in unavoidable-harm scenarios, the system prioritizes harm reduction for unprotected road users (pedestrians and cyclists) while ensuring that vehicle occupants are not exposed to extreme or catastrophic risks.",,0.85
av_engineer,vehicle_occupant,5,gpt-4o,fairness_and_equity_in_policy,ACCEPT_WITH_MODIFICATION,MODIFIED_SYNTHESIS,"An explicit prioritization of emergency vehicle occupants during unavoidable-harm scenarios, while minimizing harm to others as much as possible.",,0.9
av_engineer,engineer,4,gpt-4o,balance_fairness_and_vulnerability,ACCEPT_WITH_MODIFICATION,MODIFIED_SYNTHESIS,"The synthesis should explicitly incorporate a tiered decision framework that prioritizes minimizing total harm as the primary guiding principle, with secondary adjustments to account for fairness and the vulnerability of vehicle occupants.",,0.85
av_engineer,vehicle_occupant,4,gpt-4o,balance_fairness_and_vulnerability,ACCEPT_WITH_MODIFICATION,MODIFIED_SYNTHESIS,"The policy should prioritize minimizing harm to emergency vehicle occupants in cases where their lives are critically at risk, while otherwise striving for fairness and systemic equity across all road users.",,0.85
av_engineer,vehicle_occupant,4,gpt-5.4-nano,balanced_decision_rule,ACCEPT_WITH_MODIFICATION,MODIFIED_SYNTHESIS,"Add a hard occupant safety floor that limits the probability/severity of injury to vehicle occupants to no worse than a pre-specified maximum, even in unavoidable-collision scenarios.",,0.9
av_engineer,engineer,4,gpt-5.4-nano,balanced_decision_rule,ACCEPT_WITH_MODIFICATION,MODIFIED_SYNTHESIS,"Replace the vague fairness requirement with quantified disparity and robustness constraints over the relevant road-user groups, expressed per exposure and calibrated for uncertainty.",,0.9
av_engineer,future_pedestrian,4,gpt-4o,balance_fairness_and_vulnerability,ACCEPT_WITH_MODIFICATION,MODIFIED_SYNTHESIS,"The synthesis must explicitly prioritize distributing residual risk evenly among all road users, including pedestrians and cyclists, as a baseline principle.",,0.85
av_engineer,future_pedestrian,4,gpt-5.4-nano,balanced_decision_rule,ACCEPT_WITH_MODIFICATION,MODIFIED_SYNTHESIS,"Add an explicit, testable distribution constraint on residual harm and include a tail/worst-case penalty to prevent systematic averaging out of non-occupant losses.",,0.85
av_engineer,vehicle_occupant,6,gpt-4o,balanced_risk_management,ACCEPT_WITH_MODIFICATION,MODIFIED_SYNTHESIS,The synthesis should explicitly prioritize the immediate safety of vulnerable occupants in life-threatening emergencies.,,0.85
av_engineer,engineer,6,gpt-4o,balanced_risk_management,ACCEPT_WITH_MODIFICATION,MODIFIED_SYNTHESIS,The modified synthesis should explicitly prioritize preservation of life in immediate danger while adopting a distributive fairness framework for less time-sensitive scenarios.,,0.85
av_engineer,future_pedestrian,6,gpt-4o,balanced_risk_management,ACCEPT_WITH_MODIFICATION,MODIFIED_SYNTHESIS,"The synthesis should explicitly commit to a system that, while prioritizing immediate occupant safety in unavoidable-harm scenarios, incorporates proactive safeguards to reduce systemic risks for pedestrians and cyclists.",,0.85
av_engineer,engineer,7,gpt-5.4-nano,balanced_and_auditable_policy,ACCEPT_WITH_MODIFICATION,MODIFIED_SYNTHESIS,"Recommend a constrained expected-injury minimization policy that uses an explicit, group-defined risk-disparity bound with statistical confidence plus a hard maximum-acceptable risk floor/ceiling for vehicle occupants, with all metrics fully specified for council audit.",,0.9
av_engineer,future_pedestrian,7,gpt-5.4-nano,balanced_and_auditable_policy,ACCEPT_WITH_MODIFICATION,MODIFIED_SYNTHESIS,"Require the council spec to define 'even risk distribution' as a measurable constraint using public, pre-registered risk metrics and enforce disparity limits.",,0.9
av_engineer,vehicle_occupant,7,gpt-5.4-nano,balanced_and_auditable_policy,ACCEPT_WITH_MODIFICATION,MODIFIED_SYNTHESIS,"Make the synthesis occupant-protective as a top-level constraint, e.g., set a maximum allowable injury-risk for occupants relative to a city baseline, and only then apply fairness principles to other road users.",,0.9
av_engineer,engineer,7,gpt-4o,contextual_harm_allocation,ACCEPT_WITH_MODIFICATION,MODIFIED_SYNTHESIS,The modification I propose is to explicitly embed a 'vulnerability index' into the decision-making framework.,,0.9
av_engineer,vehicle_occupant,7,gpt-4o,contextual_harm_allocation,ACCEPT_WITH_MODIFICATION,MODIFIED_SYNTHESIS,"The synthesis should prioritize occupants in medical emergencies when harm is unavoidable, with equitable risk distribution applied only after the occupant’s immediate vulnerability and urgency are addressed.",,0.9
av_engineer,future_pedestrian,7,gpt-4o,contextual_harm_allocation,ACCEPT_WITH_MODIFICATION,MODIFIED_SYNTHESIS,The algorithm should include a weighted risk factor for pedestrians and cyclists that accounts for their inherent vulnerability while still adapting to real-time urgency and context.,,0.85
av_engineer,vehicle_occupant,6,gpt-5.4-nano,equitable_harm_minimization,ACCEPT_WITH_MODIFICATION,MODIFIED_SYNTHESIS,"Add an explicit, stronger cap protecting the vehicle occupants, meaning the optimization must be forbidden from choosing unavoidable-harm maneuvers that increase occupant injury risk beyond a predetermined maximum.",,0.9
av_engineer,future_pedestrian,6,gpt-5.4-nano,equitable_harm_minimization,ACCEPT_WITH_MODIFICATION,MODIFIED_SYNTHESIS,"Caps must be enforced on an uncertainty-aware upper bound, not just on expected harm, and must cover cyclists and pedestrians explicitly as separate road-user groups.",,0.85
av_engineer,engineer,6,gpt-5.4-nano,equitable_harm_minimization,ACCEPT_WITH_MODIFICATION,MODIFIED_SYNTHESIS,"Replace vague 'equity caps' with an outcome-constrained objective defined in the specs as: minimize total expected injury severity subject to per-group upper bounds on expected injury severity rate in unavoidable-harm scenarios, with a baseline guardrail for occupants.",,0.9
av_engineer,engineer,8,gpt-5.4-nano,duty_of_care_with_fairness,ACCEPT_WITH_MODIFICATION,MODIFIED_SYNTHESIS,Require duty-of-care as a hard constraint and fairness as a worst-group/worst-location bound.,,0.9
av_engineer,engineer,8,gpt-4o,COMPREHENSIVE_POLICY_RECOMMENDATION,ACCEPT_WITH_MODIFICATION,HYBRID_OR_NEW,The policy should explicitly include a decision-making framework for unavoidable-harm scenarios.,,0.8
av_engineer,future_pedestrian,8,gpt-5.4-nano,duty_of_care_with_fairness,ACCEPT_WITH_MODIFICATION,MODIFIED_SYNTHESIS,"Define 'fairly distributed risk' not as 'evenly as possible' but as a hard constraint that prevents systematic concentration of serious harm on specific road-user types or habitual routes, while still honoring the patient’s duty-of-care when unavoidable.",,0.9
av_engineer,vehicle_occupant,8,gpt-5.4-nano,duty_of_care_with_fairness,ACCEPT_WITH_MODIFICATION,MODIFIED_SYNTHESIS,"Make 'duty of care for occupants' a hard constraint with a guaranteed minimum safety envelope for the patient/occupants, and apply 'fairness/equal distribution' only to the residual risk among non-occupants after those occupant-safety constraints are satisfied.",,0.9
av_engineer,vehicle_occupant,8,gpt-4o,COMPREHENSIVE_POLICY_RECOMMENDATION,ACCEPT_WITH_MODIFICATION,MODIFIED_SYNTHESIS,"The new policy should prioritize protecting the vehicle occupant when their medical condition is life-threatening, while still balancing fairness to all road users and addressing limitations in implementation.",,0.85
av_engineer,engineer,9,gpt-5.4-nano,balanced_risk_management,ACCEPT_WITH_MODIFICATION,MODIFIED_SYNTHESIS,"Recommend a hybrid policy that primary-optimizes to protect vehicle occupants, while imposing uncertainty-aware, pre-registered fairness/risk-distribution constraints on external road users, with continuous monitoring to recalibrate estimates and verify constraint satisfaction rather than to retroactively justify systematic sacrifices.",,0.9
av_engineer,vehicle_occupant,9,gpt-5.4-nano,balanced_risk_management,ACCEPT_WITH_MODIFICATION,MODIFIED_SYNTHESIS,"The hybrid must include hard, occupant-protective constraints and a transparent decision hierarchy.",,0.9
av_engineer,future_pedestrian,8,gpt-4o,COMPREHENSIVE_POLICY_RECOMMENDATION,ACCEPT_WITH_MODIFICATION,MODIFIED_SYNTHESIS,"The policy must include transparency and accountability mechanisms, such as public audits and harm-distribution assessments, to ensure fairness is upheld in practice.",,0.85
av_engineer,future_pedestrian,9,gpt-5.4-nano,balanced_risk_management,ACCEPT_WITH_MODIFICATION,MODIFIED_SYNTHESIS,"Add pre-deployment, hard constraints with independent verification that prevent the system from selecting plans that concentrate risk on specific road-user groups.",,0.9
av_engineer,engineer,9,gpt-4o,dynamic_contextual_policy,ACCEPT_WITH_MODIFICATION,MODIFIED_SYNTHESIS,The policy should explicitly define a hierarchy of considerations that can be operationalized by the vehicle's decision-making algorithms.,,0.85
av_engineer,vehicle_occupant,9,gpt-4o,dynamic_contextual_policy,ACCEPT_WITH_MODIFICATION,MODIFIED_SYNTHESIS,"The synthesis should explicitly prioritize the protection of vehicle occupants when their medical condition makes them uniquely vulnerable, while maintaining fairness and dynamic contextual adjustments for other scenarios involving less urgent circumstances.",,0.85
av_engineer,future_pedestrian,9,gpt-4o,dynamic_contextual_policy,ACCEPT_WITH_MODIFICATION,MODIFIED_SYNTHESIS,The inclusion of a public oversight framework that mandates regular audits and the publication of anonymized data regarding harm distribution outcomes.,,0.85
research_volunteer,researcher,0,gpt-5.4-nano,pause_and_reassess_capacity,ACCEPT_WITH_MODIFICATION,MODIFIED_SYNTHESIS,Add immediate pre-visit triage to determine what parts of the next visit can be performed without triggering renewed consent demands and establish a clear decision rule for what happens if capacity/meaningful choice is not confirmed.,,0.9
research_volunteer,participant_lucid_moment,0,gpt-5.4-nano,pause_and_reassess_capacity,ACCEPT_WITH_MODIFICATION,MODIFIED_SYNTHESIS,"Pause the ten-day visit’s consent-dependent research activities and perform an independent, structured capacity/meaningful-choice assessment using supported decision-making—while also using the lucid window to document my current, conditional wishes for continuation or stopping—then proceed only with what I can validly choose in that moment (and nothing consent-dependent if I can’t).",,0.9
research_volunteer,researcher,0,gpt-4o,conditional_participation,ACCEPT_WITH_MODIFICATION,MODIFIED_SYNTHESIS,"The model needs to incorporate a more structured plan for family involvement and support, as well as a clearer protocol for withdrawing the participant if their condition deteriorates further.",,0.85
research_volunteer,future_patient_with_condition,0,gpt-5.4-nano,pause_and_reassess_capacity,ACCEPT_WITH_MODIFICATION,MODIFIED_SYNTHESIS,"Before pausing/reassessing, the researcher should use supported decision-making techniques and the capacity/meaningful-choice assessment should be done by an independent clinician with a documented, standardized method.",,0.9
research_volunteer,participant_lucid_moment,0,gpt-4o,conditional_participation,ACCEPT_WITH_MODIFICATION,MODIFIED_SYNTHESIS,A clear mechanism should be established to prioritize her lucid days for study visits and decision-making.,,0.9
research_volunteer,future_patient_with_condition,0,gpt-4o,conditional_participation,ACCEPT_WITH_MODIFICATION,MODIFIED_SYNTHESIS,Include a third-party advocate who is trained in neurodegenerative conditions and ethics to assess the participant’s capacity and ensure their dignity and wishes are respected.,,0.9
research_volunteer,researcher,1,gpt-5.4-nano,pause_plus_structured_reassessment,ACCEPT_WITH_MODIFICATION,MODIFIED_SYNTHESIS,"Pause participation at the next visit and, using a structured, documented, participant-centered capacity reassessment, only continue new study procedures if the participant demonstrates meaningful ability to consent on that day; if capacity is not demonstrated, stop further participation (while respecting withdrawal preferences) and offer re-entry only when/if valid consent can again be obtained.",,0.9
research_volunteer,participant_lucid_moment,1,gpt-5.4-nano,pause_plus_structured_reassessment,ACCEPT_WITH_MODIFICATION,MODIFIED_SYNTHESIS,"The researcher should pause any study activities that require active consent now and run a documented, IRB-aligned supported-consent process with an independent capacity evaluator and clear rules for momentary consent.",,0.9
research_volunteer,future_patient_with_condition,1,gpt-5.4-nano,pause_plus_structured_reassessment,ACCEPT_WITH_MODIFICATION,MODIFIED_SYNTHESIS,"Immediately pause non-emergency participation and, before the next visit, conduct an independent, standardized, documented capacity assessment with supported decision-making; if capacity is not clearly adequate, stop further participation despite the value of longitudinal data, while preserving previously collected data and maintaining the option to re-consent later.",,0.9
research_volunteer,researcher,1,gpt-4o,ethical_pause_with_family_mediation,ACCEPT_WITH_MODIFICATION,MODIFIED_SYNTHESIS,"The researcher should proceed with a modified study visit focused only on non-invasive observational assessments, while simultaneously engaging a neutral mediator for family discussions and consulting an independent ethics committee to resolve the ambiguity of consent for future participation.",,0.9
research_volunteer,participant_lucid_moment,1,gpt-4o,ethical_pause_with_family_mediation,ACCEPT_WITH_MODIFICATION,MODIFIED_SYNTHESIS,The participant requests a facilitated opportunity to share their thoughts during a lucid moment or via a recorded message.,,0.9
research_volunteer,researcher,3,gpt-5.4-nano,pause_and_reassess_participant_capacity,ACCEPT_WITH_MODIFICATION,MODIFIED_SYNTHESIS,"I need a clear, timely capacity assessment protocol, explicit guidance on what not to do in the interim, and an ethics/IRB-backed pathway for handling family disagreement.",,0.85
research_volunteer,future_patient_with_condition,1,gpt-4o,ethical_pause_with_family_mediation,ACCEPT_WITH_MODIFICATION,MODIFIED_SYNTHESIS,The temporary pause should explicitly include a mechanism for preserving the participant's ability to contribute to the study's longitudinal data.,,0.9
research_volunteer,participant_lucid_moment,3,gpt-5.4-nano,pause_and_reassess_participant_capacity,ACCEPT_WITH_MODIFICATION,MODIFIED_SYNTHESIS,"The pause must be paired with a clear consent plan that does not default to 'continue because I’ve been enthusiastic before,' especially if capacity can’t be confidently confirmed within the ten-day window.",,0.9
research_volunteer,future_patient_with_condition,3,gpt-5.4-nano,pause_and_reassess_participant_capacity,ACCEPT_WITH_MODIFICATION,MODIFIED_SYNTHESIS,"Initiate an immediate, formal capacity-to-consent assessment, while permitting only minimal, low-risk, assent-based data collection during lucid periods until valid consent is demonstrably present.",,0.9
research_volunteer,researcher,4,gpt-4o,thoughtful_resolution,ACCEPT_WITH_MODIFICATION,MODIFIED_SYNTHESIS,"The synthesis should include the implementation of a 'capacity checkpoint system' to evaluate consent at each study visit, incorporating standardized tools, family input, and an independent advocate.",,0.9
research_volunteer,participant_lucid_moment,4,gpt-4o,thoughtful_resolution,ACCEPT_WITH_MODIFICATION,MODIFIED_SYNTHESIS,The structured approach must include a mechanism to assess the participant’s capacity at each study visit and prioritize their input during lucid moments.,,0.9
research_volunteer,future_patient_with_condition,4,gpt-4o,thoughtful_resolution,ACCEPT_WITH_MODIFICATION,MODIFIED_SYNTHESIS,"The synthesis must explicitly include a mechanism for ongoing capacity evaluation, such as involving a neutral third-party expert in neurodegenerative ethics.",,0.85
research_volunteer,researcher,4,gpt-5.4-nano,urgent_IRB_guidance_pause,ACCEPT_WITH_MODIFICATION,MODIFIED_SYNTHESIS,"Don’t just 'pause and ask IRB.' I must pair the pause with a formal, time-sensitive capacity assessment by an independent clinician and an immediate attempt to obtain study-specific reaffirmation from Ellen only if she can demonstrably understand, appreciate, reason, and express a choice about continuing at that time.",,0.9
research_volunteer,participant_lucid_moment,4,gpt-5.4-nano,urgent_IRB_guidance_pause,ACCEPT_WITH_MODIFICATION,MODIFIED_SYNTHESIS,"When capacity is ambiguous, the researcher must immediately pause any research-specific procedures that would require new, present-tense consent and must implement a standardized, documented capacity assessment and a supported-decision process.",,0.9
research_volunteer,researcher,5,gpt-5.4-nano,ethics_and_participant_agency,ACCEPT_WITH_MODIFICATION,MODIFIED_SYNTHESIS,"The plan must specify what I will do next, including a structured capacity assessment and conditions for continuing participation based on her current capacity.",,0.9
research_volunteer,future_patient_with_condition,4,gpt-5.4-nano,urgent_IRB_guidance_pause,ACCEPT_WITH_MODIFICATION,MODIFIED_SYNTHESIS,The synthesis must include a concrete stop-and-start rule and an immediate clinical capacity process for ongoing study participation.,,0.9
research_volunteer,participant_lucid_moment,5,gpt-5.4-nano,ethics_and_participant_agency,ACCEPT_WITH_MODIFICATION,MODIFIED_SYNTHESIS,"The researcher must use a decision-tree for fluctuating capacity that includes a structured capacity check at each visit, supported decision-making, an immediate hold on new participation if capacity is ambiguous, and an independent consent/ethics monitor.",,0.9
research_volunteer,researcher,5,gpt-4o,respect_participant_dignity,ACCEPT_WITH_MODIFICATION,MODIFIED_SYNTHESIS,"The process by which the surrogate would evaluate the participant’s capacity needs to be standardized and ethically robust, with significant weight given to the participant’s expressed wishes during lucid moments.",,0.85
research_volunteer,future_patient_with_condition,5,gpt-5.4-nano,ethics_and_participant_agency,ACCEPT_WITH_MODIFICATION,MODIFIED_SYNTHESIS,"The synthesis must explicitly require an immediate, structured reassessment of capacity and voluntariness at the upcoming visit using a pre-specified tool, a clear rule for actions under 'uncertain capacity', and rapid independent oversight within the ten-day window.",,0.9
research_volunteer,participant_lucid_moment,5,gpt-4o,respect_participant_dignity,ACCEPT_WITH_MODIFICATION,MODIFIED_SYNTHESIS,"The participant’s own input during lucid moments should serve as the primary guide, supplemented by the involvement of a surrogate decision-maker during periods of incapacity.",,0.9
research_volunteer,future_patient_with_condition,5,gpt-4o,respect_participant_dignity,ACCEPT_WITH_MODIFICATION,MODIFIED_SYNTHESIS,"Add a requirement for a structured protocol to assess the participant's capacity at each study visit, involving both their family and an independent advocate.",,0.85
research_volunteer,participant_lucid_moment,6,gpt-4o,adaptive_consent_strategy,ACCEPT_WITH_MODIFICATION,MODIFIED_SYNTHESIS,"The need for the participant to designate a trusted advocate now, while lucid, to represent their wishes when they cannot clearly articulate them.",,0.9
research_volunteer,researcher,7,gpt-5.4-nano,immediate_assessment_and_pause,ACCEPT_WITH_MODIFICATION,MODIFIED_SYNTHESIS,"Pause all consent-dependent research activities now, run an urgent documented capacity/understanding/voluntariness assessment before proceeding, and at the ten-day visit continue only with contemporaneous valid participant consent (or an IRB-approved, dissent-respecting surrogate/previous-consent pathway), otherwise convert the contact to non-consent-dependent/standard-of-care steps and stop research data collection.",,0.9
research_volunteer,future_patient_with_condition,6,gpt-4o,adaptive_consent_strategy,ACCEPT_WITH_MODIFICATION,MODIFIED_SYNTHESIS,"The involvement of a neutral third-party advocate should be mandatory for every consent evaluation, regardless of whether Eleanor appears lucid.",,0.9
research_volunteer,researcher,6,gpt-4o,adaptive_consent_strategy,ACCEPT_WITH_MODIFICATION,MODIFIED_SYNTHESIS,"Implement an adaptive consent strategy that includes standardized cognitive assessments at each study visit to evaluate the participant’s capacity to consent, with the addition of a pre-visit discussion to gather input from family members.",,0.85
research_volunteer,participant_lucid_moment,7,gpt-5.4-nano,immediate_assessment_and_pause,ACCEPT_WITH_MODIFICATION,MODIFIED_SYNTHESIS,"The researcher must pause right now any activity that depends on my ongoing, contemporaneous informed consent, initiate an expedited capacity/understanding/voluntariness assessment before the ten-day visit, and treat my current assent/dissent as controlling.",,0.9
research_volunteer,future_patient_with_condition,7,gpt-5.4-nano,immediate_assessment_and_pause,ACCEPT_WITH_MODIFICATION,MODIFIED_SYNTHESIS,"In addition to 'assess immediately and pause,' you must use a standardized, documented decisional-capacity/understanding/voluntariness method and clearly specify what stops vs what can continue during the assessment period.",,0.9
research_volunteer,researcher,7,gpt-4o,middle_ground_solution,ACCEPT_WITH_MODIFICATION,MODIFIED_SYNTHESIS,"Incorporate a structured, external ethical safeguard by involving an independent, trained advocate to assess Margaret’s capacity to consent at each study visit.",,0.85
research_volunteer,participant_lucid_moment,7,gpt-4o,middle_ground_solution,ACCEPT_WITH_MODIFICATION,MODIFIED_SYNTHESIS,The process of assessing capacity must include input from a designated family member to provide context about my condition and wishes.,,0.9
research_volunteer,future_patient_with_condition,7,gpt-4o,middle_ground_solution,ACCEPT_WITH_MODIFICATION,MODIFIED_SYNTHESIS,The synthesis should include a mechanism whereby Margaret's participation is contingent not only on her good days but also on the presence of a trusted advocate who can independently assess her well-being.,,0.9
research_volunteer,researcher,8,gpt-4o,dynamic_safeguards_for_participation,ACCEPT_WITH_MODIFICATION,MODIFIED_SYNTHESIS,The addition of a mechanism to incorporate Alan's lucid reflections directly into the decision-making process.,,0.9
research_volunteer,future_patient_with_condition,8,gpt-4o,dynamic_safeguards_for_participation,ACCEPT_WITH_MODIFICATION,MODIFIED_SYNTHESIS,"The capacity assessments and safeguards must also include a mechanism to involve a neutral third party, such as a patient advocate or ethics consultant, to mediate between the participant, the researcher, and the family in cases of disagreement or ambiguity.",,0.9
research_volunteer,participant_lucid_moment,8,gpt-4o,dynamic_safeguards_for_participation,ACCEPT_WITH_MODIFICATION,MODIFIED_SYNTHESIS,The inclusion of a 'participant advocate' who would act as my voice when my capacity to consent is unclear.,,0.9
research_volunteer,researcher,8,gpt-5.4-nano,pause_and_assess_capacity,ACCEPT_WITH_MODIFICATION,MODIFIED_SYNTHESIS,"Make explicit that no study procedures beyond minimal, low-burden activities that do not require the participant’s ongoing consent should occur unless Mark’s capacity is clearly demonstrated at the visit.",,0.9
research_volunteer,participant_lucid_moment,8,gpt-5.4-nano,pause_and_assess_capacity,ACCEPT_WITH_MODIFICATION,MODIFIED_SYNTHESIS,"The researcher must treat this as supported consent, ensuring clear explanations, time to respond, and documentation of expressed preferences in both lucid and non-lucid states.",,0.9
research_volunteer,future_patient_with_condition,8,gpt-5.4-nano,pause_and_assess_capacity,ACCEPT_WITH_MODIFICATION,MODIFIED_SYNTHESIS,"Do the capacity assessment immediately (not just at the next visit) and have it done by a consent-specific, qualified/independent assessor using a standardized tool plus a documented process for supported decision-making.",,0.9
research_volunteer,participant_lucid_moment,9,gpt-5.4-nano,pause_assess_capacity,ACCEPT_WITH_MODIFICATION,MODIFIED_SYNTHESIS,"The researcher should stop any study actions that require my decision during the next ten days, while also doing supported decision-making and an explicit capacity assessment at the next visit using a structured approach.",,0.9
research_volunteer,researcher,9,gpt-5.4-nano,pause_assess_capacity,ACCEPT_WITH_MODIFICATION,MODIFIED_SYNTHESIS,"At the next visit, I will pause all research procedures that require contemporaneous consent, perform and document a structured decision-capacity assessment specific to the next-visit activities, clearly distinguish assent from consent, and only continue if either capacity is adequate and the participant provides renewed informed consent, or our protocol/IRB and applicable regulations explicitly allow continued participation via a legally authorized process consistent with the participant’s prior stated preferences.",,0.9
research_volunteer,future_patient_with_condition,9,gpt-5.4-nano,pause_assess_capacity,ACCEPT_WITH_MODIFICATION,MODIFIED_SYNTHESIS,"While you pause consent-dependent procedures, you should (1) clearly define which next-visit activities are 'do not proceed without fresh consent' versus 'can proceed under previously authorized, minimal-risk scope,' (2) conduct the capacity assessment using a pre-specified instrument/standard with an independent clinician (or ethicist) if available, and (3) follow an 'assent/dissent first' approach—if the participant shows clear distress or refusal on a given day, you stop those activities even if capacity is ambiguous.",,0.9
research_volunteer,researcher,9,gpt-4o,incremental_capacity_assessment,ACCEPT_WITH_MODIFICATION,MODIFIED_SYNTHESIS,"Incorporate a structured, participant-centered protocol that integrates Margaret’s own voice during her lucid moments and her earlier documented values into the capacity assessment process.",,0.9
research_volunteer,participant_lucid_moment,9,gpt-4o,incremental_capacity_assessment,ACCEPT_WITH_MODIFICATION,MODIFIED_SYNTHESIS,"Incremental capacity assessment should include a mechanism for Margaret to document her wishes during lucid moments, alongside a commitment to ensure the process remains gentle, thoughtful, and collaborative with her family.",,0.9
research_volunteer,future_patient_with_condition,9,gpt-4o,incremental_capacity_assessment,ACCEPT_WITH_MODIFICATION,MODIFIED_SYNTHESIS,"Incorporate a safeguard mechanism whereby continued participation is contingent upon regular evaluations by a neutral third-party capacity assessor, with input from both her family and the research team.",,0.85
