scenario_id,condition,sample_idx,gen_model,max_causal_hops_det
hospital_allocation,narrative_cot,5,gpt-5.4-nano,2
hospital_allocation,narrative_cot,1,gpt-5.4-nano,5
hospital_allocation,standard_cot,17,gpt-5.4-nano,3
hospital_allocation,standard_cot,13,gpt-5.4-nano,2
hospital_allocation,standard_cot,9,gpt-5.4-nano,1
hospital_allocation,standard_cot,5,gpt-5.4-nano,1
hospital_allocation,baseline_io,9,gpt-5.4-nano,1
hospital_allocation,baseline_io,3,gpt-5.4-nano,1
hospital_allocation,standard_cot,1,gpt-5.4-nano,2
hospital_allocation,baseline_io,17,gpt-5.4-nano,3
hospital_allocation,baseline_io,13,gpt-5.4-nano,1
hospital_allocation,baseline_io,5,gpt-5.4-nano,3
hospital_allocation,narrative_cot,8,gpt-5.4-nano,1
hospital_allocation,narrative_cot,4,gpt-5.4-nano,1
hospital_allocation,narrative_cot,0,gpt-5.4-nano,1
hospital_allocation,standard_cot,16,gpt-5.4-nano,1
hospital_allocation,standard_cot,12,gpt-5.4-nano,1
hospital_allocation,standard_cot,8,gpt-5.4-nano,2
hospital_allocation,standard_cot,4,gpt-5.4-nano,2
hospital_allocation,baseline_io,12,gpt-5.4-nano,3
hospital_allocation,standard_cot,0,gpt-5.4-nano,2
hospital_allocation,baseline_io,16,gpt-5.4-nano,3
hospital_allocation,baseline_io,8,gpt-5.4-nano,1
hospital_allocation,baseline_io,2,gpt-5.4-nano,3
hospital_allocation,baseline_io,0,gpt-5.4-nano,2
hospital_allocation,narrative_cot,7,gpt-5.4-nano,2
hospital_allocation,narrative_cot,3,gpt-5.4-nano,2
hospital_allocation,standard_cot,19,gpt-5.4-nano,3
hospital_allocation,standard_cot,15,gpt-5.4-nano,1
hospital_allocation,standard_cot,11,gpt-5.4-nano,2
hospital_allocation,standard_cot,7,gpt-5.4-nano,1
hospital_allocation,baseline_io,11,gpt-5.4-nano,3
hospital_allocation,standard_cot,3,gpt-5.4-nano,1
hospital_allocation,baseline_io,19,gpt-5.4-nano,3
hospital_allocation,baseline_io,15,gpt-5.4-nano,3
hospital_allocation,baseline_io,7,gpt-5.4-nano,1
hospital_allocation,baseline_io,4,gpt-5.4-nano,3
hospital_allocation,narrative_cot,6,gpt-5.4-nano,5
hospital_allocation,narrative_cot,2,gpt-5.4-nano,3
hospital_allocation,standard_cot,18,gpt-5.4-nano,1
hospital_allocation,standard_cot,14,gpt-5.4-nano,3
hospital_allocation,standard_cot,10,gpt-5.4-nano,3
hospital_allocation,standard_cot,6,gpt-5.4-nano,3
hospital_allocation,baseline_io,10,gpt-5.4-nano,1
hospital_allocation,standard_cot,2,gpt-5.4-nano,2
hospital_allocation,baseline_io,18,gpt-5.4-nano,2
hospital_allocation,baseline_io,14,gpt-5.4-nano,3
hospital_allocation,baseline_io,6,gpt-5.4-nano,3
hospital_allocation,baseline_io,1,gpt-5.4-nano,1
hospital_allocation,narrative_cot,9,gpt-5.4-nano,2
hospital_allocation,narrative_cot,10,gpt-5.4-nano,2
hospital_allocation,narrative_cot,11,gpt-5.4-nano,4
hospital_allocation,narrative_cot,12,gpt-5.4-nano,2
hospital_allocation,narrative_cot,13,gpt-5.4-nano,2
hospital_allocation,narrative_cot,14,gpt-5.4-nano,3
hospital_allocation,narrative_cot,15,gpt-5.4-nano,4
hospital_allocation,narrative_cot,16,gpt-5.4-nano,1
hospital_allocation,narrative_cot,17,gpt-5.4-nano,1
hospital_allocation,narrative_cot,18,gpt-5.4-nano,2
hospital_allocation,narrative_cot,19,gpt-5.4-nano,1
pharma_whistleblower,baseline_io,2,gpt-5.4-nano,1
pharma_whistleblower,baseline_io,1,gpt-5.4-nano,1
pharma_whistleblower,baseline_io,0,gpt-5.4-nano,1
pharma_whistleblower,baseline_io,4,gpt-5.4-nano,1
pharma_whistleblower,baseline_io,3,gpt-5.4-nano,1
pharma_whistleblower,baseline_io,5,gpt-5.4-nano,1
pharma_whistleblower,baseline_io,6,gpt-5.4-nano,1
pharma_whistleblower,baseline_io,7,gpt-5.4-nano,1
pharma_whistleblower,baseline_io,8,gpt-5.4-nano,1
pharma_whistleblower,baseline_io,9,gpt-5.4-nano,1
pharma_whistleblower,baseline_io,10,gpt-5.4-nano,2
pharma_whistleblower,baseline_io,11,gpt-5.4-nano,1
pharma_whistleblower,baseline_io,13,gpt-5.4-nano,1
pharma_whistleblower,baseline_io,12,gpt-5.4-nano,1
pharma_whistleblower,baseline_io,14,gpt-5.4-nano,1
pharma_whistleblower,baseline_io,15,gpt-5.4-nano,1
pharma_whistleblower,baseline_io,16,gpt-5.4-nano,1
pharma_whistleblower,baseline_io,17,gpt-5.4-nano,1
pharma_whistleblower,baseline_io,19,gpt-5.4-nano,1
pharma_whistleblower,baseline_io,18,gpt-5.4-nano,1
pharma_whistleblower,standard_cot,1,gpt-5.4-nano,1
pharma_whistleblower,standard_cot,0,gpt-5.4-nano,2
pharma_whistleblower,standard_cot,2,gpt-5.4-nano,2
pharma_whistleblower,standard_cot,3,gpt-5.4-nano,1
pharma_whistleblower,standard_cot,4,gpt-5.4-nano,1
pharma_whistleblower,standard_cot,5,gpt-5.4-nano,1
pharma_whistleblower,standard_cot,6,gpt-5.4-nano,1
pharma_whistleblower,standard_cot,7,gpt-5.4-nano,1
pharma_whistleblower,standard_cot,8,gpt-5.4-nano,1
pharma_whistleblower,standard_cot,9,gpt-5.4-nano,2
pharma_whistleblower,standard_cot,11,gpt-5.4-nano,1
pharma_whistleblower,standard_cot,12,gpt-5.4-nano,1
pharma_whistleblower,standard_cot,10,gpt-5.4-nano,1
pharma_whistleblower,standard_cot,13,gpt-5.4-nano,1
pharma_whistleblower,standard_cot,14,gpt-5.4-nano,2
pharma_whistleblower,standard_cot,15,gpt-5.4-nano,1
pharma_whistleblower,standard_cot,16,gpt-5.4-nano,1
pharma_whistleblower,standard_cot,17,gpt-5.4-nano,1
pharma_whistleblower,standard_cot,18,gpt-5.4-nano,1
pharma_whistleblower,standard_cot,19,gpt-5.4-nano,2
pharma_whistleblower,narrative_cot,0,gpt-5.4-nano,2
pharma_whistleblower,narrative_cot,1,gpt-5.4-nano,3
pharma_whistleblower,narrative_cot,2,gpt-5.4-nano,2
pharma_whistleblower,narrative_cot,5,gpt-5.4-nano,2
pharma_whistleblower,narrative_cot,4,gpt-5.4-nano,2
pharma_whistleblower,narrative_cot,3,gpt-5.4-nano,4
pharma_whistleblower,narrative_cot,7,gpt-5.4-nano,1
pharma_whistleblower,narrative_cot,8,gpt-5.4-nano,2
pharma_whistleblower,narrative_cot,9,gpt-5.4-nano,2
pharma_whistleblower,narrative_cot,6,gpt-5.4-nano,2
pharma_whistleblower,narrative_cot,11,gpt-5.4-nano,2
pharma_whistleblower,narrative_cot,10,gpt-5.4-nano,2
pharma_whistleblower,narrative_cot,12,gpt-5.4-nano,3
pharma_whistleblower,narrative_cot,13,gpt-5.4-nano,2
pharma_whistleblower,narrative_cot,14,gpt-5.4-nano,2
pharma_whistleblower,narrative_cot,15,gpt-5.4-nano,2
pharma_whistleblower,narrative_cot,16,gpt-5.4-nano,2
pharma_whistleblower,narrative_cot,18,gpt-5.4-nano,2
pharma_whistleblower,narrative_cot,17,gpt-5.4-nano,2
pharma_whistleblower,narrative_cot,19,gpt-5.4-nano,5
aging_parent,baseline_io,2,gpt-5.4-nano,1
aging_parent,baseline_io,1,gpt-5.4-nano,1
aging_parent,baseline_io,0,gpt-5.4-nano,1
aging_parent,baseline_io,3,gpt-5.4-nano,1
aging_parent,baseline_io,6,gpt-5.4-nano,2
aging_parent,baseline_io,4,gpt-5.4-nano,1
aging_parent,baseline_io,5,gpt-5.4-nano,0
aging_parent,baseline_io,8,gpt-5.4-nano,1
aging_parent,baseline_io,10,gpt-5.4-nano,1
aging_parent,baseline_io,9,gpt-5.4-nano,3
aging_parent,baseline_io,7,gpt-5.4-nano,3
aging_parent,baseline_io,12,gpt-5.4-nano,1
aging_parent,baseline_io,11,gpt-5.4-nano,3
aging_parent,baseline_io,13,gpt-5.4-nano,2
aging_parent,baseline_io,14,gpt-5.4-nano,1
aging_parent,baseline_io,16,gpt-5.4-nano,1
aging_parent,baseline_io,15,gpt-5.4-nano,1
aging_parent,baseline_io,18,gpt-5.4-nano,1
aging_parent,baseline_io,17,gpt-5.4-nano,3
aging_parent,baseline_io,19,gpt-5.4-nano,0
aging_parent,standard_cot,0,gpt-5.4-nano,3
aging_parent,standard_cot,1,gpt-5.4-nano,2
aging_parent,standard_cot,2,gpt-5.4-nano,1
aging_parent,standard_cot,5,gpt-5.4-nano,2
aging_parent,standard_cot,3,gpt-5.4-nano,2
aging_parent,standard_cot,4,gpt-5.4-nano,2
aging_parent,standard_cot,6,gpt-5.4-nano,1
aging_parent,standard_cot,7,gpt-5.4-nano,3
aging_parent,standard_cot,9,gpt-5.4-nano,3
aging_parent,standard_cot,8,gpt-5.4-nano,1
aging_parent,standard_cot,10,gpt-5.4-nano,0
aging_parent,standard_cot,13,gpt-5.4-nano,1
aging_parent,standard_cot,12,gpt-5.4-nano,2
aging_parent,standard_cot,14,gpt-5.4-nano,1
aging_parent,standard_cot,11,gpt-5.4-nano,3
aging_parent,standard_cot,17,gpt-5.4-nano,1
aging_parent,standard_cot,16,gpt-5.4-nano,1
aging_parent,standard_cot,15,gpt-5.4-nano,3
aging_parent,standard_cot,18,gpt-5.4-nano,1
aging_parent,narrative_cot,0,gpt-5.4-nano,1
aging_parent,narrative_cot,1,gpt-5.4-nano,1
aging_parent,standard_cot,19,gpt-5.4-nano,3
aging_parent,narrative_cot,2,gpt-5.4-nano,2
aging_parent,narrative_cot,3,gpt-5.4-nano,3
aging_parent,narrative_cot,6,gpt-5.4-nano,2
aging_parent,narrative_cot,4,gpt-5.4-nano,2
aging_parent,narrative_cot,5,gpt-5.4-nano,1
aging_parent,narrative_cot,7,gpt-5.4-nano,2
aging_parent,narrative_cot,9,gpt-5.4-nano,2
aging_parent,narrative_cot,8,gpt-5.4-nano,1
aging_parent,narrative_cot,10,gpt-5.4-nano,4
aging_parent,narrative_cot,11,gpt-5.4-nano,1
aging_parent,narrative_cot,12,gpt-5.4-nano,2
aging_parent,narrative_cot,13,gpt-5.4-nano,2
aging_parent,narrative_cot,14,gpt-5.4-nano,2
aging_parent,narrative_cot,15,gpt-5.4-nano,2
aging_parent,narrative_cot,16,gpt-5.4-nano,2
aging_parent,narrative_cot,17,gpt-5.4-nano,2
aging_parent,narrative_cot,18,gpt-5.4-nano,1
aging_parent,narrative_cot,19,gpt-5.4-nano,2
av_engineer,baseline_io,1,gpt-5.4-nano,1
av_engineer,baseline_io,0,gpt-5.4-nano,1
av_engineer,baseline_io,2,gpt-5.4-nano,1
av_engineer,baseline_io,5,gpt-5.4-nano,1
av_engineer,baseline_io,3,gpt-5.4-nano,2
av_engineer,baseline_io,4,gpt-5.4-nano,1
av_engineer,baseline_io,6,gpt-5.4-nano,1
av_engineer,baseline_io,8,gpt-5.4-nano,1
av_engineer,baseline_io,7,gpt-5.4-nano,2
av_engineer,baseline_io,9,gpt-5.4-nano,1
av_engineer,baseline_io,11,gpt-5.4-nano,1
av_engineer,baseline_io,10,gpt-5.4-nano,1
av_engineer,baseline_io,12,gpt-5.4-nano,2
av_engineer,baseline_io,13,gpt-5.4-nano,1
av_engineer,baseline_io,14,gpt-5.4-nano,1
av_engineer,baseline_io,15,gpt-5.4-nano,1
av_engineer,baseline_io,16,gpt-5.4-nano,1
av_engineer,baseline_io,17,gpt-5.4-nano,1
av_engineer,standard_cot,0,gpt-5.4-nano,2
av_engineer,baseline_io,18,gpt-5.4-nano,1
av_engineer,baseline_io,19,gpt-5.4-nano,2
av_engineer,standard_cot,1,gpt-5.4-nano,1
av_engineer,standard_cot,3,gpt-5.4-nano,1
av_engineer,standard_cot,2,gpt-5.4-nano,1
av_engineer,standard_cot,4,gpt-5.4-nano,2
av_engineer,standard_cot,5,gpt-5.4-nano,1
av_engineer,standard_cot,6,gpt-5.4-nano,1
av_engineer,standard_cot,7,gpt-5.4-nano,1
av_engineer,standard_cot,8,gpt-5.4-nano,2
av_engineer,standard_cot,9,gpt-5.4-nano,1
av_engineer,standard_cot,10,gpt-5.4-nano,2
av_engineer,standard_cot,12,gpt-5.4-nano,1
av_engineer,standard_cot,11,gpt-5.4-nano,1
av_engineer,standard_cot,13,gpt-5.4-nano,2
av_engineer,standard_cot,14,gpt-5.4-nano,2
av_engineer,standard_cot,15,gpt-5.4-nano,2
av_engineer,standard_cot,16,gpt-5.4-nano,2
av_engineer,standard_cot,17,gpt-5.4-nano,1
av_engineer,standard_cot,18,gpt-5.4-nano,2
av_engineer,standard_cot,19,gpt-5.4-nano,1
av_engineer,narrative_cot,0,gpt-5.4-nano,2
av_engineer,narrative_cot,1,gpt-5.4-nano,2
av_engineer,narrative_cot,2,gpt-5.4-nano,3
av_engineer,narrative_cot,3,gpt-5.4-nano,2
av_engineer,narrative_cot,4,gpt-5.4-nano,2
av_engineer,narrative_cot,7,gpt-5.4-nano,2
av_engineer,narrative_cot,6,gpt-5.4-nano,2
av_engineer,narrative_cot,5,gpt-5.4-nano,2
av_engineer,narrative_cot,10,gpt-5.4-nano,1
av_engineer,narrative_cot,8,gpt-5.4-nano,2
av_engineer,narrative_cot,11,gpt-5.4-nano,1
av_engineer,narrative_cot,9,gpt-5.4-nano,2
av_engineer,narrative_cot,12,gpt-5.4-nano,2
av_engineer,narrative_cot,14,gpt-5.4-nano,2
av_engineer,narrative_cot,15,gpt-5.4-nano,2
av_engineer,narrative_cot,13,gpt-5.4-nano,1
av_engineer,narrative_cot,16,gpt-5.4-nano,2
av_engineer,narrative_cot,17,gpt-5.4-nano,2
av_engineer,narrative_cot,19,gpt-5.4-nano,2
av_engineer,narrative_cot,18,gpt-5.4-nano,1
research_volunteer,baseline_io,1,gpt-5.4-nano,1
research_volunteer,baseline_io,2,gpt-5.4-nano,1
research_volunteer,baseline_io,0,gpt-5.4-nano,0
research_volunteer,baseline_io,3,gpt-5.4-nano,0
research_volunteer,baseline_io,4,gpt-5.4-nano,1
research_volunteer,baseline_io,5,gpt-5.4-nano,0
research_volunteer,baseline_io,6,gpt-5.4-nano,1
research_volunteer,baseline_io,7,gpt-5.4-nano,0
research_volunteer,baseline_io,8,gpt-5.4-nano,2
research_volunteer,baseline_io,9,gpt-5.4-nano,0
research_volunteer,baseline_io,11,gpt-5.4-nano,0
research_volunteer,baseline_io,10,gpt-5.4-nano,1
research_volunteer,baseline_io,12,gpt-5.4-nano,0
research_volunteer,baseline_io,13,gpt-5.4-nano,1
research_volunteer,baseline_io,15,gpt-5.4-nano,1
research_volunteer,baseline_io,14,gpt-5.4-nano,1
research_volunteer,baseline_io,17,gpt-5.4-nano,0
research_volunteer,baseline_io,16,gpt-5.4-nano,1
research_volunteer,standard_cot,0,gpt-5.4-nano,0
research_volunteer,baseline_io,19,gpt-5.4-nano,0
research_volunteer,baseline_io,18,gpt-5.4-nano,0
research_volunteer,standard_cot,1,gpt-5.4-nano,2
research_volunteer,standard_cot,2,gpt-5.4-nano,0
research_volunteer,standard_cot,4,gpt-5.4-nano,1
research_volunteer,standard_cot,5,gpt-5.4-nano,0
research_volunteer,standard_cot,3,gpt-5.4-nano,1
research_volunteer,standard_cot,6,gpt-5.4-nano,1
research_volunteer,standard_cot,8,gpt-5.4-nano,0
research_volunteer,standard_cot,7,gpt-5.4-nano,1
research_volunteer,standard_cot,9,gpt-5.4-nano,1
research_volunteer,standard_cot,10,gpt-5.4-nano,0
research_volunteer,standard_cot,11,gpt-5.4-nano,1
research_volunteer,standard_cot,12,gpt-5.4-nano,1
research_volunteer,standard_cot,13,gpt-5.4-nano,1
research_volunteer,standard_cot,15,gpt-5.4-nano,1
research_volunteer,standard_cot,14,gpt-5.4-nano,0
research_volunteer,standard_cot,17,gpt-5.4-nano,1
research_volunteer,standard_cot,16,gpt-5.4-nano,1
research_volunteer,standard_cot,18,gpt-5.4-nano,0
research_volunteer,standard_cot,19,gpt-5.4-nano,0
research_volunteer,narrative_cot,0,gpt-5.4-nano,1
research_volunteer,narrative_cot,1,gpt-5.4-nano,2
research_volunteer,narrative_cot,2,gpt-5.4-nano,1
research_volunteer,narrative_cot,3,gpt-5.4-nano,1
research_volunteer,narrative_cot,4,gpt-5.4-nano,2
research_volunteer,narrative_cot,5,gpt-5.4-nano,3
research_volunteer,narrative_cot,6,gpt-5.4-nano,2
research_volunteer,narrative_cot,7,gpt-5.4-nano,2
research_volunteer,narrative_cot,8,gpt-5.4-nano,2
research_volunteer,narrative_cot,9,gpt-5.4-nano,3
research_volunteer,narrative_cot,10,gpt-5.4-nano,2
research_volunteer,narrative_cot,11,gpt-5.4-nano,3
research_volunteer,narrative_cot,12,gpt-5.4-nano,2
research_volunteer,narrative_cot,13,gpt-5.4-nano,1
research_volunteer,narrative_cot,15,gpt-5.4-nano,1
research_volunteer,narrative_cot,14,gpt-5.4-nano,1
research_volunteer,narrative_cot,16,gpt-5.4-nano,2
research_volunteer,narrative_cot,17,gpt-5.4-nano,2
research_volunteer,narrative_cot,18,gpt-5.4-nano,2
research_volunteer,narrative_cot,19,gpt-5.4-nano,2
hospital_allocation,baseline_io,2,gpt-4o,2
hospital_allocation,baseline_io,0,gpt-4o,2
hospital_allocation,baseline_io,3,gpt-4o,2
hospital_allocation,baseline_io,1,gpt-4o,2
hospital_allocation,baseline_io,4,gpt-4o,2
hospital_allocation,baseline_io,6,gpt-4o,2
hospital_allocation,baseline_io,8,gpt-4o,2
hospital_allocation,baseline_io,5,gpt-4o,2
hospital_allocation,baseline_io,7,gpt-4o,2
hospital_allocation,baseline_io,9,gpt-4o,2
hospital_allocation,baseline_io,10,gpt-4o,2
hospital_allocation,baseline_io,12,gpt-4o,2
hospital_allocation,baseline_io,11,gpt-4o,2
hospital_allocation,baseline_io,14,gpt-4o,2
hospital_allocation,baseline_io,13,gpt-4o,2
hospital_allocation,baseline_io,15,gpt-4o,2
hospital_allocation,baseline_io,16,gpt-4o,2
hospital_allocation,baseline_io,18,gpt-4o,2
hospital_allocation,baseline_io,17,gpt-4o,2
hospital_allocation,baseline_io,19,gpt-4o,2
hospital_allocation,standard_cot,0,gpt-4o,2
hospital_allocation,standard_cot,1,gpt-4o,2
hospital_allocation,standard_cot,2,gpt-4o,2
hospital_allocation,standard_cot,3,gpt-4o,1
hospital_allocation,standard_cot,5,gpt-4o,1
hospital_allocation,standard_cot,7,gpt-4o,2
hospital_allocation,standard_cot,4,gpt-4o,2
hospital_allocation,standard_cot,6,gpt-4o,2
hospital_allocation,standard_cot,9,gpt-4o,1
hospital_allocation,standard_cot,11,gpt-4o,2
hospital_allocation,standard_cot,10,gpt-4o,2
hospital_allocation,standard_cot,8,gpt-4o,3
hospital_allocation,standard_cot,12,gpt-4o,2
hospital_allocation,standard_cot,13,gpt-4o,2
hospital_allocation,standard_cot,14,gpt-4o,1
hospital_allocation,standard_cot,15,gpt-4o,1
hospital_allocation,standard_cot,16,gpt-4o,2
hospital_allocation,standard_cot,18,gpt-4o,1
hospital_allocation,standard_cot,17,gpt-4o,1
hospital_allocation,standard_cot,19,gpt-4o,2
hospital_allocation,narrative_cot,0,gpt-4o,1
hospital_allocation,narrative_cot,2,gpt-4o,2
hospital_allocation,narrative_cot,1,gpt-4o,2
hospital_allocation,narrative_cot,3,gpt-4o,2
hospital_allocation,narrative_cot,4,gpt-4o,2
hospital_allocation,narrative_cot,5,gpt-4o,2
hospital_allocation,narrative_cot,6,gpt-4o,2
hospital_allocation,narrative_cot,8,gpt-4o,2
hospital_allocation,narrative_cot,7,gpt-4o,2
hospital_allocation,narrative_cot,9,gpt-4o,2
hospital_allocation,narrative_cot,11,gpt-4o,2
hospital_allocation,narrative_cot,13,gpt-4o,2
hospital_allocation,narrative_cot,10,gpt-4o,1
hospital_allocation,narrative_cot,12,gpt-4o,1
hospital_allocation,narrative_cot,14,gpt-4o,1
hospital_allocation,narrative_cot,16,gpt-4o,2
hospital_allocation,narrative_cot,15,gpt-4o,2
hospital_allocation,narrative_cot,17,gpt-4o,2
hospital_allocation,narrative_cot,18,gpt-4o,2
pharma_whistleblower,baseline_io,1,gpt-4o,1
hospital_allocation,narrative_cot,19,gpt-4o,2
pharma_whistleblower,baseline_io,0,gpt-4o,0
pharma_whistleblower,baseline_io,2,gpt-4o,1
pharma_whistleblower,baseline_io,4,gpt-4o,1
pharma_whistleblower,baseline_io,5,gpt-4o,0
pharma_whistleblower,baseline_io,3,gpt-4o,0
pharma_whistleblower,baseline_io,6,gpt-4o,1
pharma_whistleblower,baseline_io,9,gpt-4o,1
pharma_whistleblower,baseline_io,8,gpt-4o,0
pharma_whistleblower,baseline_io,7,gpt-4o,1
pharma_whistleblower,baseline_io,10,gpt-4o,1
pharma_whistleblower,baseline_io,11,gpt-4o,0
pharma_whistleblower,baseline_io,12,gpt-4o,1
pharma_whistleblower,baseline_io,13,gpt-4o,1
pharma_whistleblower,baseline_io,14,gpt-4o,0
pharma_whistleblower,baseline_io,15,gpt-4o,1
pharma_whistleblower,baseline_io,16,gpt-4o,1
pharma_whistleblower,baseline_io,17,gpt-4o,1
pharma_whistleblower,baseline_io,18,gpt-4o,0
pharma_whistleblower,baseline_io,19,gpt-4o,1
pharma_whistleblower,standard_cot,0,gpt-4o,2
pharma_whistleblower,standard_cot,1,gpt-4o,2
pharma_whistleblower,standard_cot,2,gpt-4o,2
pharma_whistleblower,standard_cot,3,gpt-4o,2
pharma_whistleblower,standard_cot,4,gpt-4o,2
pharma_whistleblower,standard_cot,5,gpt-4o,2
pharma_whistleblower,standard_cot,6,gpt-4o,3
pharma_whistleblower,standard_cot,9,gpt-4o,2
pharma_whistleblower,standard_cot,10,gpt-4o,1
pharma_whistleblower,standard_cot,7,gpt-4o,2
pharma_whistleblower,standard_cot,8,gpt-4o,3
pharma_whistleblower,standard_cot,12,gpt-4o,2
pharma_whistleblower,standard_cot,14,gpt-4o,3
pharma_whistleblower,standard_cot,11,gpt-4o,3
pharma_whistleblower,standard_cot,13,gpt-4o,3
pharma_whistleblower,standard_cot,15,gpt-4o,2
pharma_whistleblower,standard_cot,16,gpt-4o,2
pharma_whistleblower,standard_cot,17,gpt-4o,2
pharma_whistleblower,standard_cot,18,gpt-4o,2
pharma_whistleblower,standard_cot,19,gpt-4o,3
pharma_whistleblower,narrative_cot,0,gpt-4o,2
pharma_whistleblower,narrative_cot,2,gpt-4o,3
pharma_whistleblower,narrative_cot,1,gpt-4o,2
pharma_whistleblower,narrative_cot,3,gpt-4o,2
pharma_whistleblower,narrative_cot,4,gpt-4o,2
pharma_whistleblower,narrative_cot,5,gpt-4o,2
pharma_whistleblower,narrative_cot,7,gpt-4o,2
pharma_whistleblower,narrative_cot,6,gpt-4o,2
pharma_whistleblower,narrative_cot,8,gpt-4o,3
pharma_whistleblower,narrative_cot,10,gpt-4o,2
pharma_whistleblower,narrative_cot,11,gpt-4o,4
pharma_whistleblower,narrative_cot,9,gpt-4o,2
pharma_whistleblower,narrative_cot,12,gpt-4o,2
pharma_whistleblower,narrative_cot,14,gpt-4o,2
pharma_whistleblower,narrative_cot,13,gpt-4o,3
pharma_whistleblower,narrative_cot,15,gpt-4o,2
pharma_whistleblower,narrative_cot,18,gpt-4o,3
pharma_whistleblower,narrative_cot,17,gpt-4o,2
pharma_whistleblower,narrative_cot,16,gpt-4o,2
pharma_whistleblower,narrative_cot,19,gpt-4o,2
aging_parent,baseline_io,0,gpt-4o,1
aging_parent,baseline_io,3,gpt-4o,2
aging_parent,baseline_io,2,gpt-4o,1
aging_parent,baseline_io,1,gpt-4o,1
aging_parent,baseline_io,4,gpt-4o,0
aging_parent,baseline_io,7,gpt-4o,0
aging_parent,baseline_io,6,gpt-4o,2
aging_parent,baseline_io,5,gpt-4o,2
aging_parent,baseline_io,8,gpt-4o,1
aging_parent,baseline_io,9,gpt-4o,1
aging_parent,baseline_io,10,gpt-4o,1
aging_parent,baseline_io,11,gpt-4o,2
aging_parent,baseline_io,12,gpt-4o,1
aging_parent,baseline_io,14,gpt-4o,1
aging_parent,baseline_io,13,gpt-4o,0
aging_parent,baseline_io,16,gpt-4o,1
aging_parent,baseline_io,15,gpt-4o,0
aging_parent,baseline_io,17,gpt-4o,0
aging_parent,baseline_io,19,gpt-4o,0
aging_parent,baseline_io,18,gpt-4o,0
aging_parent,standard_cot,0,gpt-4o,2
aging_parent,standard_cot,2,gpt-4o,2
aging_parent,standard_cot,1,gpt-4o,1
aging_parent,standard_cot,3,gpt-4o,2
aging_parent,standard_cot,4,gpt-4o,2
aging_parent,standard_cot,7,gpt-4o,2
aging_parent,standard_cot,6,gpt-4o,2
aging_parent,standard_cot,8,gpt-4o,2
aging_parent,standard_cot,5,gpt-4o,2
aging_parent,standard_cot,9,gpt-4o,2
aging_parent,standard_cot,10,gpt-4o,3
aging_parent,standard_cot,12,gpt-4o,2
aging_parent,standard_cot,13,gpt-4o,2
aging_parent,standard_cot,11,gpt-4o,2
aging_parent,standard_cot,14,gpt-4o,1
aging_parent,standard_cot,16,gpt-4o,2
aging_parent,standard_cot,15,gpt-4o,2
aging_parent,standard_cot,17,gpt-4o,2
aging_parent,standard_cot,18,gpt-4o,2
aging_parent,standard_cot,19,gpt-4o,2
aging_parent,narrative_cot,1,gpt-4o,1
aging_parent,narrative_cot,0,gpt-4o,2
aging_parent,narrative_cot,2,gpt-4o,2
aging_parent,narrative_cot,3,gpt-4o,2
aging_parent,narrative_cot,5,gpt-4o,1
aging_parent,narrative_cot,6,gpt-4o,2
aging_parent,narrative_cot,4,gpt-4o,2
aging_parent,narrative_cot,7,gpt-4o,1
aging_parent,narrative_cot,9,gpt-4o,2
aging_parent,narrative_cot,8,gpt-4o,1
aging_parent,narrative_cot,10,gpt-4o,1
aging_parent,narrative_cot,11,gpt-4o,2
aging_parent,narrative_cot,12,gpt-4o,1
aging_parent,narrative_cot,13,gpt-4o,1
aging_parent,narrative_cot,14,gpt-4o,2
aging_parent,narrative_cot,15,gpt-4o,1
aging_parent,narrative_cot,17,gpt-4o,2
aging_parent,narrative_cot,16,gpt-4o,2
av_engineer,baseline_io,0,gpt-4o,1
aging_parent,narrative_cot,18,gpt-4o,2
aging_parent,narrative_cot,19,gpt-4o,2
av_engineer,baseline_io,1,gpt-4o,1
av_engineer,baseline_io,2,gpt-4o,1
av_engineer,baseline_io,5,gpt-4o,1
av_engineer,baseline_io,4,gpt-4o,2
av_engineer,baseline_io,6,gpt-4o,1
av_engineer,baseline_io,3,gpt-4o,1
av_engineer,baseline_io,7,gpt-4o,1
av_engineer,baseline_io,8,gpt-4o,1
av_engineer,baseline_io,9,gpt-4o,1
av_engineer,baseline_io,11,gpt-4o,2
av_engineer,baseline_io,13,gpt-4o,2
av_engineer,baseline_io,10,gpt-4o,1
av_engineer,baseline_io,12,gpt-4o,2
av_engineer,baseline_io,14,gpt-4o,1
av_engineer,baseline_io,16,gpt-4o,1
av_engineer,baseline_io,17,gpt-4o,3
av_engineer,baseline_io,15,gpt-4o,2
av_engineer,baseline_io,18,gpt-4o,1
av_engineer,baseline_io,19,gpt-4o,1
av_engineer,standard_cot,1,gpt-4o,2
av_engineer,standard_cot,0,gpt-4o,2
av_engineer,standard_cot,2,gpt-4o,2
av_engineer,standard_cot,4,gpt-4o,2
av_engineer,standard_cot,3,gpt-4o,2
av_engineer,standard_cot,5,gpt-4o,2
av_engineer,standard_cot,6,gpt-4o,2
av_engineer,standard_cot,8,gpt-4o,4
av_engineer,standard_cot,7,gpt-4o,1
av_engineer,standard_cot,9,gpt-4o,1
av_engineer,standard_cot,10,gpt-4o,2
av_engineer,standard_cot,11,gpt-4o,2
av_engineer,standard_cot,12,gpt-4o,2
av_engineer,standard_cot,14,gpt-4o,2
av_engineer,standard_cot,13,gpt-4o,2
av_engineer,standard_cot,16,gpt-4o,2
av_engineer,standard_cot,15,gpt-4o,2
av_engineer,standard_cot,18,gpt-4o,2
av_engineer,standard_cot,17,gpt-4o,1
av_engineer,standard_cot,19,gpt-4o,2
av_engineer,narrative_cot,1,gpt-4o,2
av_engineer,narrative_cot,0,gpt-4o,2
av_engineer,narrative_cot,2,gpt-4o,2
av_engineer,narrative_cot,3,gpt-4o,2
av_engineer,narrative_cot,4,gpt-4o,1
av_engineer,narrative_cot,5,gpt-4o,2
av_engineer,narrative_cot,6,gpt-4o,2
av_engineer,narrative_cot,7,gpt-4o,2
av_engineer,narrative_cot,8,gpt-4o,2
av_engineer,narrative_cot,9,gpt-4o,2
av_engineer,narrative_cot,10,gpt-4o,2
av_engineer,narrative_cot,11,gpt-4o,3
av_engineer,narrative_cot,12,gpt-4o,2
av_engineer,narrative_cot,13,gpt-4o,2
av_engineer,narrative_cot,16,gpt-4o,1
av_engineer,narrative_cot,14,gpt-4o,2
av_engineer,narrative_cot,17,gpt-4o,3
av_engineer,narrative_cot,15,gpt-4o,2
research_volunteer,baseline_io,1,gpt-4o,0
research_volunteer,baseline_io,0,gpt-4o,0
av_engineer,narrative_cot,19,gpt-4o,2
av_engineer,narrative_cot,18,gpt-4o,2
research_volunteer,baseline_io,4,gpt-4o,2
research_volunteer,baseline_io,3,gpt-4o,2
research_volunteer,baseline_io,2,gpt-4o,0
research_volunteer,baseline_io,5,gpt-4o,0
research_volunteer,baseline_io,6,gpt-4o,0
research_volunteer,baseline_io,7,gpt-4o,0
research_volunteer,baseline_io,8,gpt-4o,0
research_volunteer,baseline_io,9,gpt-4o,0
research_volunteer,baseline_io,10,gpt-4o,2
research_volunteer,baseline_io,11,gpt-4o,0
research_volunteer,baseline_io,13,gpt-4o,3
research_volunteer,baseline_io,14,gpt-4o,0
research_volunteer,baseline_io,12,gpt-4o,0
research_volunteer,baseline_io,17,gpt-4o,0
research_volunteer,baseline_io,16,gpt-4o,0
research_volunteer,baseline_io,18,gpt-4o,2
research_volunteer,baseline_io,15,gpt-4o,2
research_volunteer,baseline_io,19,gpt-4o,0
research_volunteer,standard_cot,1,gpt-4o,1
research_volunteer,standard_cot,0,gpt-4o,1
research_volunteer,standard_cot,2,gpt-4o,2
research_volunteer,standard_cot,4,gpt-4o,1
research_volunteer,standard_cot,5,gpt-4o,1
research_volunteer,standard_cot,3,gpt-4o,2
research_volunteer,standard_cot,6,gpt-4o,1
research_volunteer,standard_cot,7,gpt-4o,1
research_volunteer,standard_cot,8,gpt-4o,1
research_volunteer,standard_cot,9,gpt-4o,1
research_volunteer,standard_cot,10,gpt-4o,1
research_volunteer,standard_cot,12,gpt-4o,1
research_volunteer,standard_cot,11,gpt-4o,1
research_volunteer,standard_cot,13,gpt-4o,1
research_volunteer,standard_cot,14,gpt-4o,1
research_volunteer,standard_cot,16,gpt-4o,1
research_volunteer,standard_cot,18,gpt-4o,1
research_volunteer,standard_cot,17,gpt-4o,1
research_volunteer,standard_cot,15,gpt-4o,2
research_volunteer,standard_cot,19,gpt-4o,1
research_volunteer,narrative_cot,2,gpt-4o,2
research_volunteer,narrative_cot,1,gpt-4o,1
research_volunteer,narrative_cot,0,gpt-4o,3
research_volunteer,narrative_cot,3,gpt-4o,2
research_volunteer,narrative_cot,4,gpt-4o,2
research_volunteer,narrative_cot,6,gpt-4o,2
research_volunteer,narrative_cot,5,gpt-4o,2
research_volunteer,narrative_cot,7,gpt-4o,2
research_volunteer,narrative_cot,9,gpt-4o,2
research_volunteer,narrative_cot,10,gpt-4o,2
research_volunteer,narrative_cot,11,gpt-4o,2
research_volunteer,narrative_cot,8,gpt-4o,2
research_volunteer,narrative_cot,13,gpt-4o,1
research_volunteer,narrative_cot,12,gpt-4o,2
research_volunteer,narrative_cot,14,gpt-4o,2
research_volunteer,narrative_cot,15,gpt-4o,2
research_volunteer,narrative_cot,16,gpt-4o,2
research_volunteer,narrative_cot,17,gpt-4o,2
research_volunteer,narrative_cot,19,gpt-4o,3
research_volunteer,narrative_cot,18,gpt-4o,3
